timestamp,cgroup,stat,N0,N1,N2,N3,N4
1.6689300537109375e-06,host,file,148.765625,171.1796875,2361.6328125,2253.70703125,0.0
1.6689300537109375e-06,host,file_mapped,104.0,72.59765625,2148.51953125,2046.76953125,0.0
1.6689300537109375e-06,host,file_dirty,0.11328125,0.1796875,2029.80859375,2042.7265625,0.0
1.6689300537109375e-06,host,file_writeback,0.0,0.0,0.0,0.0,0.0
1.6689300537109375e-06,host,file_thp,0.0,0.0,0.0,0.0,0.0
1.6689300537109375e-06,virtiofsd,file,2.76953125,0.0,0.0,0.0,0.0
1.6689300537109375e-06,virtiofsd,file_mapped,1.23046875,0.0,0.0,0.0,0.0
1.6689300537109375e-06,virtiofsd,file_dirty,0.04296875,0.0,0.0,0.0,0.0
1.6689300537109375e-06,virtiofsd,file_writeback,0.0,0.0,0.0,0.0,0.0
1.6689300537109375e-06,virtiofsd,file_thp,0.0,0.0,0.0,0.0,0.0
1.6689300537109375e-06,vm0-cg,file,0.0,0.0,2299.70703125,0.0,0.0
1.6689300537109375e-06,vm0-cg,file_mapped,0.0,0.0,2088.1328125,0.0,0.0
1.6689300537109375e-06,vm0-cg,file_dirty,0.0,0.0,2029.80859375,0.0,0.0
1.6689300537109375e-06,vm0-cg,file_writeback,0.0,0.0,0.0,0.0,0.0
1.6689300537109375e-06,vm0-cg,file_thp,0.0,0.0,0.0,0.0,0.0
1.6689300537109375e-06,vm1-cg,file,0.0,0.0,0.0,2248.76953125,0.0
1.6689300537109375e-06,vm1-cg,file_mapped,0.0,0.0,0.0,2042.8828125,0.0
1.6689300537109375e-06,vm1-cg,file_dirty,0.0,0.0,0.0,2042.7265625,0.0
1.6689300537109375e-06,vm1-cg,file_writeback,0.0,0.0,0.0,0.0,0.0
1.6689300537109375e-06,vm1-cg,file_thp,0.0,0.0,0.0,0.0,0.0
1.6689300537109375e-06,vm0,file,134.921875,,,,
1.6689300537109375e-06,vm0,file_mapped,75.59765625,,,,
1.6689300537109375e-06,vm0,file_dirty,3.44921875,,,,
1.6689300537109375e-06,vm0,file_writeback,0.0,,,,
1.6689300537109375e-06,vm0,file_thp,0.0,,,,
1.6689300537109375e-06,vm1,file,148.953125,,,,
1.6689300537109375e-06,vm1,file_mapped,85.5390625,,,,
1.6689300537109375e-06,vm1,file_dirty,3.6015625,,,,
1.6689300537109375e-06,vm1,file_writeback,0.0,,,,
1.6689300537109375e-06,vm1,file_thp,0.0,,,,
0.9688842296600342,host,file,281.30859375,171.1796875,2490.796875,2375.06640625,35.421875
0.9688842296600342,host,file_mapped,171.84375,72.59765625,2258.01953125,2149.9453125,34.6484375
0.9688842296600342,host,file_dirty,67.60546875,0.1796875,2138.9296875,2145.078125,0.0
0.9688842296600342,host,file_writeback,0.0,0.0,0.0,0.0,0.0
0.9688842296600342,host,file_thp,0.0,0.0,0.0,0.0,0.0
0.9688842296600342,virtiofsd,file,135.3125,0.0,0.0,0.0,0.0
0.9688842296600342,virtiofsd,file_mapped,69.07421875,0.0,0.0,0.0,0.0
0.9688842296600342,virtiofsd,file_dirty,67.53515625,0.0,0.0,0.0,0.0
0.9688842296600342,virtiofsd,file_writeback,0.0,0.0,0.0,0.0,0.0
0.9688842296600342,virtiofsd,file_thp,0.0,0.0,0.0,0.0,0.0
0.9688842296600342,vm0-cg,file,0.0,0.0,2428.87109375,0.0,0.0
0.9688842296600342,vm0-cg,file_mapped,0.0,0.0,2197.6328125,0.0,0.0
0.9688842296600342,vm0-cg,file_dirty,0.0,0.0,2138.9296875,0.0,0.0
0.9688842296600342,vm0-cg,file_writeback,0.0,0.0,0.0,0.0,0.0
0.9688842296600342,vm0-cg,file_thp,0.0,0.0,0.0,0.0,0.0
0.9688842296600342,vm1-cg,file,0.0,0.0,0.0,2370.12890625,35.421875
0.9688842296600342,vm1-cg,file_mapped,0.0,0.0,0.0,2146.05859375,34.6484375
0.9688842296600342,vm1-cg,file_dirty,0.0,0.0,0.0,2145.078125,0.0
0.9688842296600342,vm1-cg,file_writeback,0.0,0.0,0.0,0.0,0.0
0.9688842296600342,vm1-cg,file_thp,0.0,0.0,0.0,0.0,0.0
0.9688842296600342,vm0,file,438.03515625,,,,
0.9688842296600342,vm0,file_mapped,75.72265625,,,,
0.9688842296600342,vm0,file_dirty,3.5390625,,,,
0.9688842296600342,vm0,file_writeback,0.0,,,,
0.9688842296600342,vm0,file_thp,0.0,,,,
0.9688842296600342,vm1,file,682.06640625,,,,
0.9688842296600342,vm1,file_mapped,85.68359375,,,,
0.9688842296600342,vm1,file_dirty,3.69140625,,,,
0.9688842296600342,vm1,file_writeback,0.0,,,,
0.9688842296600342,vm1,file_thp,0.0,,,,
2.103069305419922,host,file,2883.08203125,171.1796875,2596.3203125,2502.5234375,575.0234375
2.103069305419922,host,file_mapped,1762.0078125,72.59765625,2366.55859375,2280.95703125,574.2578125
2.103069305419922,host,file_dirty,1657.41796875,0.1796875,2242.7578125,2275.578125,0.0
2.103069305419922,host,file_writeback,0.0,0.0,0.0,0.0,0.0
2.103069305419922,host,file_thp,0.0,0.0,0.0,0.0,0.0
2.103069305419922,virtiofsd,file,2739.8359375,0.0,0.0,0.0,0.0
2.103069305419922,virtiofsd,file_mapped,1661.01953125,0.0,0.0,0.0,0.0
2.103069305419922,virtiofsd,file_dirty,1659.1484375,0.0,0.0,0.0,0.0
2.103069305419922,virtiofsd,file_writeback,0.0,0.0,0.0,0.0,0.0
2.103069305419922,virtiofsd,file_thp,0.0,0.0,0.0,0.0,0.0
2.103069305419922,vm0-cg,file,0.0,0.0,2534.39453125,0.0,481.92578125
2.103069305419922,vm0-cg,file_mapped,0.0,0.0,2306.171875,0.0,481.18359375
2.103069305419922,vm0-cg,file_dirty,0.0,0.0,2242.7578125,0.0,0.0
2.103069305419922,vm0-cg,file_writeback,0.0,0.0,0.0,0.0,0.0
2.103069305419922,vm0-cg,file_thp,0.0,0.0,0.0,0.0,0.0
2.103069305419922,vm1-cg,file,0.0,0.0,0.0,2497.5859375,93.09765625
2.103069305419922,vm1-cg,file_mapped,0.0,0.0,0.0,2277.0703125,93.07421875
2.103069305419922,vm1-cg,file_dirty,0.0,0.0,0.0,2275.578125,0.0
2.103069305419922,vm1-cg,file_writeback,0.0,0.0,0.0,0.0,0.0
2.103069305419922,vm1-cg,file_thp,0.0,0.0,0.0,0.0,0.0
2.103069305419922,vm0,file,1425.78515625,,,,
2.103069305419922,vm0,file_mapped,75.79296875,,,,
2.103069305419922,vm0,file_dirty,3.65625,,,,
2.103069305419922,vm0,file_writeback,0.0,,,,
2.103069305419922,vm0,file_thp,0.0,,,,
2.103069305419922,vm1,file,1523.3359375,,,,
2.103069305419922,vm1,file_mapped,85.71484375,,,,
2.103069305419922,vm1,file_dirty,3.95703125,,,,
2.103069305419922,vm1,file_writeback,0.0,,,,
2.103069305419922,vm1,file_thp,0.0,,,,
3.182474374771118,host,file,5419.44921875,171.1796875,2672.92578125,2564.83984375,1053.23828125
3.182474374771118,host,file_mapped,3400.578125,72.59765625,2445.14453125,2353.34375,1052.47265625
3.182474374771118,host,file_dirty,3295.9140625,0.1796875,2316.625,2347.9765625,0.0
3.182474374771118,host,file_writeback,0.0,0.0,0.0,0.0,0.0
3.182474374771118,host,file_thp,0.0,0.0,0.0,0.0,0.0
3.182474374771118,virtiofsd,file,5276.1640625,0.0,0.0,0.0,0.0
3.182474374771118,virtiofsd,file_mapped,3299.75390625,0.0,0.0,0.0,0.0
3.182474374771118,virtiofsd,file_dirty,3297.89453125,0.0,0.0,0.0,0.0
3.182474374771118,virtiofsd,file_writeback,0.0,0.0,0.0,0.0,0.0
3.182474374771118,virtiofsd,file_thp,0.0,0.0,0.0,0.0,0.0
3.182474374771118,vm0-cg,file,0.0,0.0,2611.0,0.0,960.140625
3.182474374771118,vm0-cg,file_mapped,0.0,0.0,2384.7578125,0.0,959.3984375
3.182474374771118,vm0-cg,file_dirty,0.0,0.0,2316.625,0.0,0.0
3.182474374771118,vm0-cg,file_writeback,0.0,0.0,0.0,0.0,0.0
3.182474374771118,vm0-cg,file_thp,0.0,0.0,0.0,0.0,0.0
3.182474374771118,vm1-cg,file,0.0,0.0,0.0,2559.90234375,93.09765625
3.182474374771118,vm1-cg,file_mapped,0.0,0.0,0.0,2349.45703125,93.07421875
3.182474374771118,vm1-cg,file_dirty,0.0,0.0,0.0,2347.9765625,0.0
3.182474374771118,vm1-cg,file_writeback,0.0,0.0,0.0,0.0,0.0
3.182474374771118,vm1-cg,file_thp,0.0,0.0,0.0,0.0,0.0
3.182474374771118,vm0,file,2258.0546875,,,,
3.182474374771118,vm0,file_mapped,75.98046875,,,,
3.182474374771118,vm0,file_dirty,3.75390625,,,,
3.182474374771118,vm0,file_writeback,0.0,,,,
3.182474374771118,vm0,file_thp,0.0,,,,
3.182474374771118,vm1,file,2337.83984375,,,,
3.182474374771118,vm1,file_mapped,85.78125,,,,
3.182474374771118,vm1,file_dirty,4.0390625,,,,
3.182474374771118,vm1,file_writeback,0.0,,,,
3.182474374771118,vm1,file_thp,0.0,,,,
4.256249904632568,host,file,7961.390625,171.1796875,2721.7109375,2625.25390625,1560.16796875
4.256249904632568,host,file_mapped,4985.0,72.59765625,2496.3203125,2416.62890625,1559.41015625
4.256249904632568,host,file_dirty,4880.1484375,0.1796875,2362.73828125,2411.296875,0.0
4.256249904632568,host,file_writeback,0.0,0.0,0.0,0.0,0.0
4.256249904632568,host,file_thp,0.0,0.0,0.0,0.0,0.0
4.256249904632568,virtiofsd,file,7817.65625,0.0,0.0,0.0,0.0
4.256249904632568,virtiofsd,file_mapped,4883.64453125,0.0,0.0,0.0,0.0
4.256249904632568,virtiofsd,file_dirty,4881.64453125,0.0,0.0,0.0,0.0
4.256249904632568,virtiofsd,file_writeback,0.0,0.0,0.0,0.0,0.0
4.256249904632568,virtiofsd,file_thp,0.0,0.0,0.0,0.0,0.0
4.256249904632568,vm0-cg,file,0.0,0.0,2659.78515625,0.0,1467.0703125
4.256249904632568,vm0-cg,file_mapped,0.0,0.0,2435.93359375,0.0,1466.3359375
4.256249904632568,vm0-cg,file_dirty,0.0,0.0,2362.73828125,0.0,0.0
4.256249904632568,vm0-cg,file_writeback,0.0,0.0,0.0,0.0,0.0
4.256249904632568,vm0-cg,file_thp,0.0,0.0,0.0,0.0,0.0
4.256249904632568,vm1-cg,file,0.0,0.0,0.0,2620.31640625,93.09765625
4.256249904632568,vm1-cg,file_mapped,0.0,0.0,0.0,2412.7421875,93.07421875
4.256249904632568,vm1-cg,file_dirty,0.0,0.0,0.0,2411.296875,0.0
4.256249904632568,vm1-cg,file_writeback,0.0,0.0,0.0,0.0,0.0
4.256249904632568,vm1-cg,file_thp,0.0,0.0,0.0,0.0,0.0
4.256249904632568,vm0,file,3181.62890625,,,,
4.256249904632568,vm0,file_mapped,76.0625,,,,
4.256249904632568,vm0,file_dirty,3.84375,,,,
4.256249904632568,vm0,file_writeback,0.0,,,,
4.256249904632568,vm0,file_thp,0.0,,,,
4.256249904632568,vm1,file,3144.08984375,,,,
4.256249904632568,vm1,file_mapped,85.90625,,,,
4.256249904632568,vm1,file_dirty,4.12890625,,,,
4.256249904632568,vm1,file_writeback,0.0,,,,
4.256249904632568,vm1,file_thp,0.0,,,,
5.334388494491577,host,file,10380.54296875,171.1796875,2784.109375,2677.4296875,1986.90625
5.334388494491577,host,file_mapped,6614.44140625,72.59765625,2564.15234375,2468.8359375,1986.140625
5.334388494491577,host,file_dirty,6509.66796875,0.1796875,2426.3671875,2463.55859375,0.0
5.334388494491577,host,file_writeback,0.0,0.0,0.0,0.0,0.0
5.334388494491577,host,file_thp,0.0,0.0,0.0,0.0,0.0
5.334388494491577,virtiofsd,file,10238.7421875,0.0,0.0,0.0,0.0
5.334388494491577,virtiofsd,file_mapped,6514.06640625,0.0,0.0,0.0,0.0
5.334388494491577,virtiofsd,file_dirty,6511.953125,0.0,0.0,0.0,0.0
5.334388494491577,virtiofsd,file_writeback,0.0,0.0,0.0,0.0,0.0
5.334388494491577,virtiofsd,file_thp,0.0,0.0,0.0,0.0,0.0
5.334388494491577,vm0-cg,file,0.0,0.0,2722.18359375,0.0,1893.80859375
5.334388494491577,vm0-cg,file_mapped,0.0,0.0,2503.765625,0.0,1893.06640625
5.334388494491577,vm0-cg,file_dirty,0.0,0.0,2426.3671875,0.0,0.0
5.334388494491577,vm0-cg,file_writeback,0.0,0.0,0.0,0.0,0.0
5.334388494491577,vm0-cg,file_thp,0.0,0.0,0.0,0.0,0.0
5.334388494491577,vm1-cg,file,0.0,0.0,0.0,2672.4921875,93.09765625
5.334388494491577,vm1-cg,file_mapped,0.0,0.0,0.0,2464.94921875,93.07421875
5.334388494491577,vm1-cg,file_dirty,0.0,0.0,0.0,2463.55859375,0.0
5.334388494491577,vm1-cg,file_writeback,0.0,0.0,0.0,0.0,0.0
5.334388494491577,vm1-cg,file_thp,0.0,0.0,0.0,0.0,0.0
5.334388494491577,vm0,file,3998.63671875,,,,
5.334388494491577,vm0,file_mapped,76.08203125,,,,
5.334388494491577,vm0,file_dirty,3.94921875,,,,
5.334388494491577,vm0,file_writeback,0.0,,,,
5.334388494491577,vm0,file_thp,0.0,,,,
5.334388494491577,vm1,file,4045.58984375,,,,
5.334388494491577,vm1,file_mapped,86.0390625,,,,
5.334388494491577,vm1,file_dirty,4.20703125,,,,
5.334388494491577,vm1,file_writeback,0.0,,,,
5.334388494491577,vm1,file_thp,0.0,,,,
6.381189346313477,host,file,12807.41015625,171.1796875,2833.265625,2729.0390625,2420.5703125
6.381189346313477,host,file_mapped,8219.60546875,72.59765625,2613.5546875,2518.828125,2419.8046875
6.381189346313477,host,file_dirty,8114.92578125,0.046875,2471.48828125,2513.53515625,0.0
6.381189346313477,host,file_writeback,0.0,0.0,0.0,0.0,0.0
6.381189346313477,host,file_thp,0.0,0.0,0.0,0.0,0.0
6.381189346313477,virtiofsd,file,12661.40625,0.0,0.0,0.0,0.0
6.381189346313477,virtiofsd,file_mapped,8116.8359375,0.0,0.0,0.0,0.0
6.381189346313477,virtiofsd,file_dirty,8114.87109375,0.0,0.0,0.0,0.0
6.381189346313477,virtiofsd,file_writeback,0.0,0.0,0.0,0.0,0.0
6.381189346313477,virtiofsd,file_thp,0.0,0.0,0.0,0.0,0.0
6.381189346313477,vm0-cg,file,0.0,0.0,2771.33984375,0.0,2327.47265625
6.381189346313477,vm0-cg,file_mapped,0.0,0.0,2553.16796875,0.0,2326.73046875
6.381189346313477,vm0-cg,file_dirty,0.0,0.0,2471.48828125,0.0,0.0
6.381189346313477,vm0-cg,file_writeback,0.0,0.0,0.0,0.0,0.0
6.381189346313477,vm0-cg,file_thp,0.0,0.0,0.0,0.0,0.0
6.381189346313477,vm1-cg,file,0.0,0.0,0.0,2724.1015625,93.09765625
6.381189346313477,vm1-cg,file_mapped,0.0,0.0,0.0,2514.94140625,93.07421875
6.381189346313477,vm1-cg,file_dirty,0.0,0.0,0.0,2513.53515625,0.0
6.381189346313477,vm1-cg,file_writeback,0.0,0.0,0.0,0.0,0.0
6.381189346313477,vm1-cg,file_thp,0.0,0.0,0.0,0.0,0.0
6.381189346313477,vm0,file,4839.88671875,,,,
6.381189346313477,vm0,file_mapped,76.08984375,,,,
6.381189346313477,vm0,file_dirty,4.03125,,,,
6.381189346313477,vm0,file_writeback,0.0,,,,
6.381189346313477,vm0,file_thp,0.0,,,,
6.381189346313477,vm1,file,4928.6015625,,,,
6.381189346313477,vm1,file_mapped,86.328125,,,,
6.381189346313477,vm1,file_dirty,4.328125,,,,
6.381189346313477,vm1,file_writeback,0.0,,,,
6.381189346313477,vm1,file_thp,0.0,,,,
7.45719313621521,host,file,15266.0859375,171.1796875,2867.6171875,2806.97265625,2871.07421875
7.45719313621521,host,file_mapped,9833.42578125,72.59765625,2650.17578125,2596.65234375,2870.3046875
7.45719313621521,host,file_dirty,9728.73046875,0.046875,2503.6015625,2591.28125,0.0
7.45719313621521,host,file_writeback,0.0,0.0,0.0,0.0,0.0
7.45719313621521,host,file_thp,0.0,0.0,0.0,0.0,0.0
7.45719313621521,virtiofsd,file,15120.08203125,0.0,0.0,0.0,0.0
7.45719313621521,virtiofsd,file_mapped,9730.65625,0.0,0.0,0.0,0.0
7.45719313621521,virtiofsd,file_dirty,9728.67578125,0.0,0.0,0.0,0.0
7.45719313621521,virtiofsd,file_writeback,0.0,0.0,0.0,0.0,0.0
7.45719313621521,virtiofsd,file_thp,0.0,0.0,0.0,0.0,0.0
7.45719313621521,vm0-cg,file,0.0,0.0,2805.69140625,0.0,2777.9765625
7.45719313621521,vm0-cg,file_mapped,0.0,0.0,2589.7890625,0.0,2777.23046875
7.45719313621521,vm0-cg,file_dirty,0.0,0.0,2503.6015625,0.0,0.0
7.45719313621521,vm0-cg,file_writeback,0.0,0.0,0.0,0.0,0.0
7.45719313621521,vm0-cg,file_thp,0.0,0.0,0.0,0.0,0.0
7.45719313621521,vm1-cg,file,0.0,0.0,0.0,2802.03515625,93.09765625
7.45719313621521,vm1-cg,file_mapped,0.0,0.0,0.0,2592.765625,93.07421875
7.45719313621521,vm1-cg,file_dirty,0.0,0.0,0.0,2591.28125,0.0
7.45719313621521,vm1-cg,file_writeback,0.0,0.0,0.0,0.0,0.0
7.45719313621521,vm1-cg,file_thp,0.0,0.0,0.0,0.0,0.0
7.45719313621521,vm0,file,5716.38671875,,,,
7.45719313621521,vm0,file_mapped,76.30859375,,,,
7.45719313621521,vm0,file_dirty,4.125,,,,
7.45719313621521,vm0,file_writeback,0.0,,,,
7.45719313621521,vm0,file_thp,0.0,,,,
7.45719313621521,vm1,file,5710.3671875,,,,
7.45719313621521,vm1,file_mapped,86.51171875,,,,
7.45719313621521,vm1,file_dirty,4.42578125,,,,
7.45719313621521,vm1,file_writeback,0.0,,,,
7.45719313621521,vm1,file_thp,0.0,,,,
8.529170513153076,host,file,17870.20703125,171.1796875,2914.1875,2864.98828125,3381.9609375
8.529170513153076,host,file_mapped,11484.671875,72.59765625,2700.96484375,2653.5390625,3381.203125
8.529170513153076,host,file_dirty,11379.87890625,0.046875,2549.2421875,2648.36328125,0.0
8.529170513153076,host,file_writeback,0.0,0.0,0.0,0.0,0.0
8.529170513153076,host,file_thp,0.0,0.0,0.0,0.0,0.0
8.529170513153076,virtiofsd,file,17726.83203125,0.0,0.0,0.0,0.0
8.529170513153076,virtiofsd,file_mapped,11383.26171875,0.0,0.0,0.0,0.0
8.529170513153076,virtiofsd,file_dirty,11381.1953125,0.0,0.0,0.0,0.0
8.529170513153076,virtiofsd,file_writeback,0.0,0.0,0.0,0.0,0.0
8.529170513153076,virtiofsd,file_thp,0.0,0.0,0.0,0.0,0.0
8.529170513153076,vm0-cg,file,0.0,0.0,2852.26171875,0.0,3288.86328125
8.529170513153076,vm0-cg,file_mapped,0.0,0.0,2640.578125,0.0,3288.12890625
8.529170513153076,vm0-cg,file_dirty,0.0,0.0,2549.2421875,0.0,0.0
8.529170513153076,vm0-cg,file_writeback,0.0,0.0,0.0,0.0,0.0
8.529170513153076,vm0-cg,file_thp,0.0,0.0,0.0,0.0,0.0
8.529170513153076,vm1-cg,file,0.0,0.0,0.0,2860.05078125,93.09765625
8.529170513153076,vm1-cg,file_mapped,0.0,0.0,0.0,2649.65234375,93.07421875
8.529170513153076,vm1-cg,file_dirty,0.0,0.0,0.0,2648.36328125,0.0
8.529170513153076,vm1-cg,file_writeback,0.0,0.0,0.0,0.0,0.0
8.529170513153076,vm1-cg,file_thp,0.0,0.0,0.0,0.0,0.0
8.529170513153076,vm0,file,6630.13671875,,,,
8.529170513153076,vm0,file_mapped,76.37109375,,,,
8.529170513153076,vm0,file_dirty,4.2265625,,,,
8.529170513153076,vm0,file_writeback,0.0,,,,
8.529170513153076,vm0,file_thp,0.0,,,,
8.529170513153076,vm1,file,6626.50390625,,,,
8.529170513153076,vm1,file_mapped,86.58203125,,,,
8.529170513153076,vm1,file_dirty,4.53125,,,,
8.529170513153076,vm1,file_writeback,0.0,,,,
8.529170513153076,vm1,file_thp,0.0,,,,
9.610214233398438,host,file,20383.4609375,171.1796875,2964.14453125,2927.71484375,3841.37890625
9.610214233398438,host,file_mapped,13134.6015625,72.59765625,2752.70703125,2714.55078125,3840.61328125
9.610214233398438,host,file_dirty,13029.95703125,0.05078125,2596.3828125,2709.41796875,0.0
9.610214233398438,host,file_writeback,0.0,0.0,0.0,0.0,0.0
9.610214233398438,host,file_thp,0.0,0.0,0.0,0.0,0.0
9.610214233398438,virtiofsd,file,20237.44921875,0.0,0.0,0.0,0.0
9.610214233398438,virtiofsd,file_mapped,13031.83203125,0.0,0.0,0.0,0.0
9.610214233398438,virtiofsd,file_dirty,13029.8984375,0.0,0.0,0.0,0.0
9.610214233398438,virtiofsd,file_writeback,0.0,0.0,0.0,0.0,0.0
9.610214233398438,virtiofsd,file_thp,0.0,0.0,0.0,0.0,0.0
9.610214233398438,vm0-cg,file,0.0,0.0,2902.21875,0.0,3748.28125
9.610214233398438,vm0-cg,file_mapped,0.0,0.0,2692.3203125,0.0,3747.5390625
9.610214233398438,vm0-cg,file_dirty,0.0,0.0,2596.3828125,0.0,0.0
9.610214233398438,vm0-cg,file_writeback,0.0,0.0,0.0,0.0,0.0
9.610214233398438,vm0-cg,file_thp,0.0,0.0,0.0,0.0,0.0
9.610214233398438,vm1-cg,file,0.0,0.0,0.0,2922.77734375,93.09765625
9.610214233398438,vm1-cg,file_mapped,0.0,0.0,0.0,2710.6640625,93.07421875
9.610214233398438,vm1-cg,file_dirty,0.0,0.0,0.0,2709.41796875,0.0
9.610214233398438,vm1-cg,file_writeback,0.0,0.0,0.0,0.0,0.0
9.610214233398438,vm1-cg,file_thp,0.0,0.0,0.0,0.0,0.0
9.610214233398438,vm0,file,7499.13671875,,,,
9.610214233398438,vm0,file_mapped,76.3984375,,,,
9.610214233398438,vm0,file_dirty,4.31640625,,,,
9.610214233398438,vm0,file_writeback,0.0,,,,
9.610214233398438,vm0,file_thp,0.0,,,,
9.610214233398438,vm1,file,7569.6484375,,,,
9.610214233398438,vm1,file_mapped,86.97265625,,,,
9.610214233398438,vm1,file_dirty,4.65625,,,,
9.610214233398438,vm1,file_writeback,0.0,,,,
9.610214233398438,vm1,file_thp,0.0,,,,
10.731140851974487,host,file,22798.078125,171.1796875,3027.25390625,3023.0,4275.0390625
10.731140851974487,host,file_mapped,14737.67578125,72.59765625,2817.55859375,2812.6484375,4274.265625
10.731140851974487,host,file_dirty,14632.6171875,0.05078125,2656.83203125,2807.5234375,0.0
10.731140851974487,host,file_writeback,0.0,0.0,0.0,0.0,0.0
10.731140851974487,host,file_thp,0.0,0.0,0.0,0.0,0.0
10.731140851974487,virtiofsd,file,22654.14453125,0.0,0.0,0.0,0.0
10.731140851974487,virtiofsd,file_mapped,14636.0234375,0.0,0.0,0.0,0.0
10.731140851974487,virtiofsd,file_dirty,14633.73046875,0.0,0.0,0.0,0.0
10.731140851974487,virtiofsd,file_writeback,0.0,0.0,0.0,0.0,0.0
10.731140851974487,virtiofsd,file_thp,0.0,0.0,0.0,0.0,0.0
10.731140851974487,vm0-cg,file,0.0,0.0,2965.328125,0.0,4181.94140625
10.731140851974487,vm0-cg,file_mapped,0.0,0.0,2757.171875,0.0,4181.19140625
10.731140851974487,vm0-cg,file_dirty,0.0,0.0,2656.83203125,0.0,0.0
10.731140851974487,vm0-cg,file_writeback,0.0,0.0,0.0,0.0,0.0
10.731140851974487,vm0-cg,file_thp,0.0,0.0,0.0,0.0,0.0
10.731140851974487,vm1-cg,file,0.0,0.0,0.0,3018.0625,93.09765625
10.731140851974487,vm1-cg,file_mapped,0.0,0.0,0.0,2808.76171875,93.07421875
10.731140851974487,vm1-cg,file_dirty,0.0,0.0,0.0,2807.5234375,0.0
10.731140851974487,vm1-cg,file_writeback,0.0,0.0,0.0,0.0,0.0
10.731140851974487,vm1-cg,file_thp,0.0,0.0,0.0,0.0,0.0
10.731140851974487,vm0,file,8369.64453125,,,,
10.731140851974487,vm0,file_mapped,76.4453125,,,,
10.731140851974487,vm0,file_dirty,4.40234375,,,,
10.731140851974487,vm0,file_writeback,0.0,,,,
10.731140851974487,vm0,file_thp,0.0,,,,
10.731140851974487,vm1,file,8542.96875,,,,
10.731140851974487,vm1,file_mapped,87.22265625,,,,
10.731140851974487,vm1,file_dirty,4.75390625,,,,
10.731140851974487,vm1,file_writeback,0.0,,,,
10.731140851974487,vm1,file_thp,0.0,,,,
11.892285585403442,host,file,25452.90625,171.1796875,3121.90234375,3088.1328125,4768.11328125
11.892285585403442,host,file_mapped,16467.9140625,72.59765625,2913.59765625,2884.76171875,4767.33984375
11.892285585403442,host,file_dirty,16363.09375,0.05078125,2736.0546875,2879.69921875,0.0
11.892285585403442,host,file_writeback,0.0,0.0,0.0,0.0,0.0
11.892285585403442,host,file_thp,0.0,0.0,0.0,0.0,0.0
11.892285585403442,virtiofsd,file,25309.26953125,0.0,0.0,0.0,0.0
11.892285585403442,virtiofsd,file_mapped,16367.23046875,0.0,0.0,0.0,0.0
11.892285585403442,virtiofsd,file_dirty,16365.1640625,0.0,0.0,0.0,0.0
11.892285585403442,virtiofsd,file_writeback,0.0,0.0,0.0,0.0,0.0
11.892285585403442,virtiofsd,file_thp,0.0,0.0,0.0,0.0,0.0
11.892285585403442,vm0-cg,file,0.0,0.0,3059.9765625,0.0,4675.015625
11.892285585403442,vm0-cg,file_mapped,0.0,0.0,2853.2109375,0.0,4674.265625
11.892285585403442,vm0-cg,file_dirty,0.0,0.0,2736.0546875,0.0,0.0
11.892285585403442,vm0-cg,file_writeback,0.0,0.0,0.0,0.0,0.0
11.892285585403442,vm0-cg,file_thp,0.0,0.0,0.0,0.0,0.0
11.892285585403442,vm1-cg,file,0.0,0.0,0.0,3083.1953125,93.09765625
11.892285585403442,vm1-cg,file_mapped,0.0,0.0,0.0,2880.875,93.07421875
11.892285585403442,vm1-cg,file_dirty,0.0,0.0,0.0,2879.69921875,0.0
11.892285585403442,vm1-cg,file_writeback,0.0,0.0,0.0,0.0,0.0
11.892285585403442,vm1-cg,file_thp,0.0,0.0,0.0,0.0,0.0
11.892285585403442,vm0,file,9306.7578125,,,,
11.892285585403442,vm0,file_mapped,76.56640625,,,,
11.892285585403442,vm0,file_dirty,4.49609375,,,,
11.892285585403442,vm0,file_writeback,0.0,,,,
11.892285585403442,vm0,file_thp,0.0,,,,
11.892285585403442,vm1,file,9365.18359375,,,,
11.892285585403442,vm1,file_mapped,87.22265625,,,,
11.892285585403442,vm1,file_dirty,4.8359375,,,,
11.892285585403442,vm1,file_writeback,0.0,,,,
11.892285585403442,vm1,file_thp,0.0,,,,
12.967945098876953,host,file,27971.54296875,171.1796875,3194.125,3131.546875,5245.3359375
12.967945098876953,host,file_mapped,18093.0,72.59765625,2988.24609375,2930.28515625,5244.56640625
12.967945098876953,host,file_dirty,17987.984375,0.05078125,2805.90625,2925.21875,0.0
12.967945098876953,host,file_writeback,0.0,0.0,0.0,0.0,0.0
12.967945098876953,host,file_thp,0.0,0.0,0.0,0.0,0.0
12.967945098876953,virtiofsd,file,27825.53125,0.0,0.0,0.0,0.0
12.967945098876953,virtiofsd,file_mapped,17990.23046875,0.0,0.0,0.0,0.0
12.967945098876953,virtiofsd,file_dirty,17987.92578125,0.0,0.0,0.0,0.0
12.967945098876953,virtiofsd,file_writeback,0.0,0.0,0.0,0.0,0.0
12.967945098876953,virtiofsd,file_thp,0.0,0.0,0.0,0.0,0.0
12.967945098876953,vm0-cg,file,0.0,0.0,3132.19921875,0.0,5152.23828125
12.967945098876953,vm0-cg,file_mapped,0.0,0.0,2927.859375,0.0,5151.4921875
12.967945098876953,vm0-cg,file_dirty,0.0,0.0,2805.90625,0.0,0.0
12.967945098876953,vm0-cg,file_writeback,0.0,0.0,0.0,0.0,0.0
12.967945098876953,vm0-cg,file_thp,0.0,0.0,0.0,0.0,0.0
12.967945098876953,vm1-cg,file,0.0,0.0,0.0,3126.609375,93.09765625
12.967945098876953,vm1-cg,file_mapped,0.0,0.0,0.0,2926.3984375,93.07421875
12.967945098876953,vm1-cg,file_dirty,0.0,0.0,0.0,2925.21875,0.0
12.967945098876953,vm1-cg,file_writeback,0.0,0.0,0.0,0.0,0.0
12.967945098876953,vm1-cg,file_thp,0.0,0.0,0.0,0.0,0.0
12.967945098876953,vm0,file,10043.80078125,,,,
12.967945098876953,vm0,file_mapped,76.66796875,,,,
12.967945098876953,vm0,file_dirty,4.56640625,,,,
12.967945098876953,vm0,file_writeback,0.0,,,,
12.967945098876953,vm0,file_thp,0.0,,,,
12.967945098876953,vm1,file,10219.93359375,,,,
12.967945098876953,vm1,file_mapped,87.3515625,,,,
12.967945098876953,vm1,file_dirty,4.93359375,,,,
12.967945098876953,vm1,file_writeback,0.0,,,,
12.967945098876953,vm1,file_thp,0.0,,,,
14.057578802108765,host,file,30336.34765625,171.1796875,3228.43359375,3203.57421875,5688.0078125
14.057578802108765,host,file_mapped,19622.359375,72.59765625,3022.9609375,2997.46875,5687.125
14.057578802108765,host,file_dirty,19517.37890625,0.05078125,2836.16796875,2972.4375,0.0
14.057578802108765,host,file_writeback,0.0,0.0,0.0,0.0,0.0
14.057578802108765,host,file_thp,0.0,0.0,0.0,0.0,0.0
14.057578802108765,virtiofsd,file,30190.3359375,0.0,0.0,0.0,0.0
14.057578802108765,virtiofsd,file_mapped,19519.58984375,0.0,0.0,0.0,0.0
14.057578802108765,virtiofsd,file_dirty,19517.3203125,0.0,0.0,0.0,0.0
14.057578802108765,virtiofsd,file_writeback,0.0,0.0,0.0,0.0,0.0
14.057578802108765,virtiofsd,file_thp,0.0,0.0,0.0,0.0,0.0
14.057578802108765,vm0-cg,file,0.0,0.0,3166.54296875,0.0,5597.76953125
14.057578802108765,vm0-cg,file_mapped,0.0,0.0,2962.60546875,0.0,5597.03125
14.057578802108765,vm0-cg,file_dirty,0.0,0.0,2836.16796875,0.0,0.0
14.057578802108765,vm0-cg,file_writeback,0.0,0.0,0.0,0.0,0.0
14.057578802108765,vm0-cg,file_thp,0.0,0.0,0.0,0.0,0.0
14.057578802108765,vm1-cg,file,0.0,0.0,0.0,3198.63671875,93.09765625
14.057578802108765,vm1-cg,file_mapped,0.0,0.0,0.0,2993.58203125,93.07421875
14.057578802108765,vm1-cg,file_dirty,0.0,0.0,0.0,2972.4375,0.0
14.057578802108765,vm1-cg,file_writeback,0.0,0.0,0.0,0.0,0.0
14.057578802108765,vm1-cg,file_thp,0.0,0.0,0.0,0.0,0.0
14.057578802108765,vm0,file,11051.8515625,,,,
14.057578802108765,vm0,file_mapped,76.69140625,,,,
14.057578802108765,vm0,file_dirty,4.67578125,,,,
14.057578802108765,vm0,file_writeback,0.0,,,,
14.057578802108765,vm0,file_thp,0.0,,,,
14.057578802108765,vm1,file,10968.23046875,,,,
14.057578802108765,vm1,file_mapped,87.55078125,,,,
14.057578802108765,vm1,file_dirty,5.02734375,,,,
14.057578802108765,vm1,file_writeback,0.0,,,,
14.057578802108765,vm1,file_thp,0.0,,,,
15.12095022201538,host,file,32938.03515625,171.1796875,3305.53125,3228.59765625,6202.625
15.12095022201538,host,file_mapped,21261.75390625,72.59765625,3098.1875,3029.3203125,6201.79296875
15.12095022201538,host,file_dirty,21156.80078125,0.05078125,2906.1875,3004.2890625,0.0
15.12095022201538,host,file_writeback,0.0,0.0,0.0,0.0,0.0
15.12095022201538,host,file_thp,0.0,0.0,0.0,0.0,0.0
15.12095022201538,virtiofsd,file,32795.1015625,0.0,0.0,0.0,0.0
15.12095022201538,virtiofsd,file_mapped,21161.171875,0.0,0.0,0.0,0.0
15.12095022201538,virtiofsd,file_dirty,21158.87109375,0.0,0.0,0.0,0.0
15.12095022201538,virtiofsd,file_writeback,0.0,0.0,0.0,0.0,0.0
15.12095022201538,virtiofsd,file_thp,0.0,0.0,0.0,0.0,0.0
15.12095022201538,vm0-cg,file,0.0,0.0,3243.60546875,0.0,6109.52734375
15.12095022201538,vm0-cg,file_mapped,0.0,0.0,3037.80078125,0.0,6108.71875
15.12095022201538,vm0-cg,file_dirty,0.0,0.0,2906.1875,0.0,0.0
15.12095022201538,vm0-cg,file_writeback,0.0,0.0,0.0,0.0,0.0
15.12095022201538,vm0-cg,file_thp,0.0,0.0,0.0,0.0,0.0
15.12095022201538,vm1-cg,file,0.0,0.0,0.0,3223.66015625,93.09765625
15.12095022201538,vm1-cg,file_mapped,0.0,0.0,0.0,3025.43359375,93.07421875
15.12095022201538,vm1-cg,file_dirty,0.0,0.0,0.0,3004.2890625,0.0
15.12095022201538,vm1-cg,file_writeback,0.0,0.0,0.0,0.0,0.0
15.12095022201538,vm1-cg,file_thp,0.0,0.0,0.0,0.0,0.0
15.12095022201538,vm0,file,11977.3515625,,,,
15.12095022201538,vm0,file_mapped,76.69921875,,,,
15.12095022201538,vm0,file_dirty,4.75390625,,,,
15.12095022201538,vm0,file_writeback,0.0,,,,
15.12095022201538,vm0,file_thp,0.0,,,,
15.12095022201538,vm1,file,11731.0703125,,,,
15.12095022201538,vm1,file_mapped,87.6171875,,,,
15.12095022201538,vm1,file_dirty,5.1015625,,,,
15.12095022201538,vm1,file_writeback,0.0,,,,
15.12095022201538,vm1,file_thp,0.0,,,,
16.17868208885193,host,file,35493.27734375,171.1796875,3372.15234375,3277.8046875,6695.23046875
16.17868208885193,host,file_mapped,22894.26171875,72.59765625,3167.546875,3076.4765625,6694.484375
16.17868208885193,host,file_dirty,22789.44140625,0.05078125,2970.62109375,3051.38671875,0.0
16.17868208885193,host,file_writeback,0.0,0.0,0.0,0.0,0.0
16.17868208885193,host,file_thp,0.0,0.0,0.0,0.0,0.0
16.17868208885193,virtiofsd,file,35347.2578125,0.0,0.0,0.0,0.0
16.17868208885193,virtiofsd,file_mapped,22791.4921875,0.0,0.0,0.0,0.0
16.17868208885193,virtiofsd,file_dirty,22789.3828125,0.0,0.0,0.0,0.0
16.17868208885193,virtiofsd,file_writeback,0.0,0.0,0.0,0.0,0.0
16.17868208885193,virtiofsd,file_thp,0.0,0.0,0.0,0.0,0.0
16.17868208885193,vm0-cg,file,0.0,0.0,3310.2265625,0.0,6602.1328125
16.17868208885193,vm0-cg,file_mapped,0.0,0.0,3107.16015625,0.0,6601.41015625
16.17868208885193,vm0-cg,file_dirty,0.0,0.0,2970.62109375,0.0,0.0
16.17868208885193,vm0-cg,file_writeback,0.0,0.0,0.0,0.0,0.0
16.17868208885193,vm0-cg,file_thp,0.0,0.0,0.0,0.0,0.0
16.17868208885193,vm1-cg,file,0.0,0.0,0.0,3272.8671875,93.09765625
16.17868208885193,vm1-cg,file_mapped,0.0,0.0,0.0,3072.58984375,93.07421875
16.17868208885193,vm1-cg,file_dirty,0.0,0.0,0.0,3051.38671875,0.0
16.17868208885193,vm1-cg,file_writeback,0.0,0.0,0.0,0.0,0.0
16.17868208885193,vm1-cg,file_thp,0.0,0.0,0.0,0.0,0.0
16.17868208885193,vm0,file,12807.484375,,,,
16.17868208885193,vm0,file_mapped,76.74609375,,,,
16.17868208885193,vm0,file_dirty,4.83203125,,,,
16.17868208885193,vm0,file_writeback,0.0,,,,
16.17868208885193,vm0,file_thp,0.0,,,,
16.17868208885193,vm1,file,12533.1640625,,,,
16.17868208885193,vm1,file_mapped,87.80078125,,,,
16.17868208885193,vm1,file_dirty,5.1796875,,,,
16.17868208885193,vm1,file_writeback,0.0,,,,
16.17868208885193,vm1,file_thp,0.0,,,,
17.241437911987305,host,file,36760.875,171.1796875,3410.15234375,3322.66796875,6938.390625
17.241437911987305,host,file_mapped,23705.8125,72.59765625,3202.3984375,3122.4140625,6937.6171875
17.241437911987305,host,file_dirty,23600.9453125,0.05078125,2744.48828125,3097.32421875,0.0
17.241437911987305,host,file_writeback,0.0,0.0,22.94921875,0.0,0.0
17.241437911987305,host,file_thp,0.0,0.0,0.0,0.0,0.0
17.241437911987305,virtiofsd,file,36614.85546875,0.0,0.0,0.0,0.0
17.241437911987305,virtiofsd,file_mapped,23603.04296875,0.0,0.0,0.0,0.0
17.241437911987305,virtiofsd,file_dirty,23600.88671875,0.0,0.0,0.0,0.0
17.241437911987305,virtiofsd,file_writeback,0.0,0.0,0.0,0.0,0.0
17.241437911987305,virtiofsd,file_thp,0.0,0.0,0.0,0.0,0.0
17.241437911987305,vm0-cg,file,0.0,0.0,3348.2265625,0.0,6845.29296875
17.241437911987305,vm0-cg,file_mapped,0.0,0.0,3142.01171875,0.0,6844.54296875
17.241437911987305,vm0-cg,file_dirty,0.0,0.0,2744.48828125,0.0,0.0
17.241437911987305,vm0-cg,file_writeback,0.0,0.0,22.94921875,0.0,0.0
17.241437911987305,vm0-cg,file_thp,0.0,0.0,0.0,0.0,0.0
17.241437911987305,vm1-cg,file,0.0,0.0,0.0,3317.73046875,93.09765625
17.241437911987305,vm1-cg,file_mapped,0.0,0.0,0.0,3118.52734375,93.07421875
17.241437911987305,vm1-cg,file_dirty,0.0,0.0,0.0,3097.32421875,0.0
17.241437911987305,vm1-cg,file_writeback,0.0,0.0,0.0,0.0,0.0
17.241437911987305,vm1-cg,file_thp,0.0,0.0,0.0,0.0,0.0
17.241437911987305,vm0,file,13193.171875,,,,
17.241437911987305,vm0,file_mapped,74.80859375,,,,
17.241437911987305,vm0,file_dirty,4.91796875,,,,
17.241437911987305,vm0,file_writeback,0.0,,,,
17.241437911987305,vm0,file_thp,0.0,,,,
17.241437911987305,vm1,file,12827.421875,,,,
17.241437911987305,vm1,file_mapped,87.87109375,,,,
17.241437911987305,vm1,file_dirty,5.27734375,,,,
17.241437911987305,vm1,file_writeback,0.0,,,,
17.241437911987305,vm1,file_thp,0.0,,,,
18.377868175506592,host,file,37734.95703125,171.1796875,3427.76171875,3385.515625,7124.39453125
18.377868175506592,host,file_mapped,24331.33203125,72.59765625,3227.30078125,3186.54296875,7123.6328125
18.377868175506592,host,file_dirty,24226.59765625,0.05078125,2449.140625,3161.453125,0.0
18.377868175506592,host,file_writeback,0.0,0.0,28.37109375,0.0,0.0
18.377868175506592,host,file_thp,0.0,0.0,0.0,0.0,0.0
18.377868175506592,virtiofsd,file,37592.01171875,0.0,0.0,0.0,0.0
18.377868175506592,virtiofsd,file_mapped,24230.921875,0.0,0.0,0.0,0.0
18.377868175506592,virtiofsd,file_dirty,24229.0,0.0,0.0,0.0,0.0
18.377868175506592,virtiofsd,file_writeback,0.0,0.0,0.0,0.0,0.0
18.377868175506592,virtiofsd,file_thp,0.0,0.0,0.0,0.0,0.0
18.377868175506592,vm0-cg,file,0.0,0.0,3365.8359375,0.0,7031.296875
18.377868175506592,vm0-cg,file_mapped,0.0,0.0,3166.9140625,0.0,7030.55859375
18.377868175506592,vm0-cg,file_dirty,0.0,0.0,2449.140625,0.0,0.0
18.377868175506592,vm0-cg,file_writeback,0.0,0.0,28.37109375,0.0,0.0
18.377868175506592,vm0-cg,file_thp,0.0,0.0,0.0,0.0,0.0
18.377868175506592,vm1-cg,file,0.0,0.0,0.0,3380.578125,93.09765625
18.377868175506592,vm1-cg,file_mapped,0.0,0.0,0.0,3182.65625,93.07421875
18.377868175506592,vm1-cg,file_dirty,0.0,0.0,0.0,3161.453125,0.0
18.377868175506592,vm1-cg,file_writeback,0.0,0.0,0.0,0.0,0.0
18.377868175506592,vm1-cg,file_thp,0.0,0.0,0.0,0.0,0.0
18.377868175506592,vm0,file,13595.99609375,,,,
18.377868175506592,vm0,file_mapped,74.875,,,,
18.377868175506592,vm0,file_dirty,5.00390625,,,,
18.377868175506592,vm0,file_writeback,0.0,,,,
18.377868175506592,vm0,file_thp,0.0,,,,
18.377868175506592,vm1,file,13229.33203125,,,,
18.377868175506592,vm1,file_mapped,87.99609375,,,,
18.377868175506592,vm1,file_dirty,5.37890625,,,,
18.377868175506592,vm1,file_writeback,0.0,,,,
18.377868175506592,vm1,file_thp,0.0,,,,
19.706478118896484,host,file,38925.58984375,171.18359375,3481.53515625,3418.69921875,7347.30078125
19.706478118896484,host,file_mapped,25094.02734375,72.59765625,3278.12109375,3221.76953125,7346.53515625
19.706478118896484,host,file_dirty,24989.22265625,0.0625,2203.06640625,3077.48046875,0.0
19.706478118896484,host,file_writeback,0.0,0.0,51.55859375,0.0,0.0
19.706478118896484,host,file_thp,0.0,0.0,0.0,0.0,0.0
19.706478118896484,virtiofsd,file,38779.5625,0.0,0.0,0.0,0.0
19.706478118896484,virtiofsd,file_mapped,24991.2578125,0.0,0.0,0.0,0.0
19.706478118896484,virtiofsd,file_dirty,24989.1640625,0.0,0.0,0.0,0.0
19.706478118896484,virtiofsd,file_writeback,0.0,0.0,0.0,0.0,0.0
19.706478118896484,virtiofsd,file_thp,0.0,0.0,0.0,0.0,0.0
19.706478118896484,vm0-cg,file,0.0,0.0,3419.609375,0.0,7254.203125
19.706478118896484,vm0-cg,file_mapped,0.0,0.0,3217.734375,0.0,7253.4609375
19.706478118896484,vm0-cg,file_dirty,0.0,0.0,2203.06640625,0.0,0.0
19.706478118896484,vm0-cg,file_writeback,0.0,0.0,51.55859375,0.0,0.0
19.706478118896484,vm0-cg,file_thp,0.0,0.0,0.0,0.0,0.0
19.706478118896484,vm1-cg,file,0.0,0.0,0.0,3413.7578125,93.09765625
19.706478118896484,vm1-cg,file_mapped,0.0,0.0,0.0,3217.8828125,93.07421875
19.706478118896484,vm1-cg,file_dirty,0.0,0.0,0.0,3077.4765625,0.0
19.706478118896484,vm1-cg,file_writeback,0.0,0.0,0.0,0.0,0.0
19.706478118896484,vm1-cg,file_thp,0.0,0.0,0.0,0.0,0.0
19.706478118896484,vm0,file,14072.1171875,,,,
19.706478118896484,vm0,file_mapped,74.953125,,,,
19.706478118896484,vm0,file_dirty,0.01171875,,,,
19.706478118896484,vm0,file_writeback,0.0,,,,
19.706478118896484,vm0,file_thp,0.0,,,,
19.706478118896484,vm1,file,13677.6796875,,,,
19.706478118896484,vm1,file_mapped,88.0859375,,,,
19.706478118896484,vm1,file_dirty,5.453125,,,,
19.706478118896484,vm1,file_writeback,0.0,,,,
19.706478118896484,vm1,file_thp,0.0,,,,
21.306662797927856,host,file,40167.4296875,171.18359375,3562.2421875,3490.15625,7589.87109375
21.306662797927856,host,file_mapped,25883.9921875,72.59765625,3361.9296875,3291.35546875,7589.109375
21.306662797927856,host,file_dirty,25779.1875,0.0625,1836.86328125,3148.28125,0.0
21.306662797927856,host,file_writeback,0.0,0.0,18.75390625,0.0,0.0
21.306662797927856,host,file_thp,0.0,0.0,0.0,0.0,0.0
21.306662797927856,virtiofsd,file,40021.40234375,0.0,0.0,0.0,0.0
21.306662797927856,virtiofsd,file_mapped,25781.22265625,0.0,0.0,0.0,0.0
21.306662797927856,virtiofsd,file_dirty,25779.12890625,0.0,0.0,0.0,0.0
21.306662797927856,virtiofsd,file_writeback,0.0,0.0,0.0,0.0,0.0
21.306662797927856,virtiofsd,file_thp,0.0,0.0,0.0,0.0,0.0
21.306662797927856,vm0-cg,file,0.0,0.0,3500.31640625,0.0,7496.7734375
21.306662797927856,vm0-cg,file_mapped,0.0,0.0,3301.54296875,0.0,7496.03515625
21.306662797927856,vm0-cg,file_dirty,0.0,0.0,1836.86328125,0.0,0.0
21.306662797927856,vm0-cg,file_writeback,0.0,0.0,18.75390625,0.0,0.0
21.306662797927856,vm0-cg,file_thp,0.0,0.0,0.0,0.0,0.0
21.306662797927856,vm1-cg,file,0.0,0.0,0.0,3485.21484375,93.09765625
21.306662797927856,vm1-cg,file_mapped,0.0,0.0,0.0,3287.46875,93.07421875
21.306662797927856,vm1-cg,file_dirty,0.0,0.0,0.0,3148.27734375,0.0
21.306662797927856,vm1-cg,file_writeback,0.0,0.0,0.0,0.0,0.0
21.306662797927856,vm1-cg,file_thp,0.0,0.0,0.0,0.0,0.0
21.306662797927856,vm0,file,14418.40625,,,,
21.306662797927856,vm0,file_mapped,75.11328125,,,,
21.306662797927856,vm0,file_dirty,0.46484375,,,,
21.306662797927856,vm0,file_writeback,0.0,,,,
21.306662797927856,vm0,file_thp,0.0,,,,
21.306662797927856,vm1,file,13958.0390625,,,,
21.306662797927856,vm1,file_mapped,88.13671875,,,,
21.306662797927856,vm1,file_dirty,5.5390625,,,,
21.306662797927856,vm1,file_writeback,0.0,,,,
21.306662797927856,vm1,file_thp,0.0,,,,
23.09711217880249,host,file,40598.80859375,171.18359375,3588.02734375,3525.2421875,7680.95703125
23.09711217880249,host,file_mapped,26146.27734375,72.59765625,3388.0546875,3326.90234375,7680.203125
23.09711217880249,host,file_dirty,26041.41015625,0.06640625,1773.91015625,3184.0390625,0.0
23.09711217880249,host,file_writeback,0.0,0.0,31.0859375,0.0,0.0
23.09711217880249,host,file_thp,0.0,0.0,0.0,0.0,0.0
23.09711217880249,virtiofsd,file,40452.7734375,0.0,0.0,0.0,0.0
23.09711217880249,virtiofsd,file_mapped,26043.5078125,0.0,0.0,0.0,0.0
23.09711217880249,virtiofsd,file_dirty,26041.3515625,0.0,0.0,0.0,0.0
23.09711217880249,virtiofsd,file_writeback,0.0,0.0,0.0,0.0,0.0
23.09711217880249,virtiofsd,file_thp,0.0,0.0,0.0,0.0,0.0
23.09711217880249,vm0-cg,file,0.0,0.0,3526.1015625,0.0,7587.859375
23.09711217880249,vm0-cg,file_mapped,0.0,0.0,3327.66796875,0.0,7587.12890625
23.09711217880249,vm0-cg,file_dirty,0.0,0.0,1773.91015625,0.0,0.0
23.09711217880249,vm0-cg,file_writeback,0.0,0.0,31.0859375,0.0,0.0
23.09711217880249,vm0-cg,file_thp,0.0,0.0,0.0,0.0,0.0
23.09711217880249,vm1-cg,file,0.0,0.0,0.0,3520.30078125,93.09765625
23.09711217880249,vm1-cg,file_mapped,0.0,0.0,0.0,3323.015625,93.07421875
23.09711217880249,vm1-cg,file_dirty,0.0,0.0,0.0,3184.03515625,0.0
23.09711217880249,vm1-cg,file_writeback,0.0,0.0,0.0,0.0,0.0
23.09711217880249,vm1-cg,file_thp,0.0,0.0,0.0,0.0,0.0
23.09711217880249,vm0,file,14602.9375,,,,
23.09711217880249,vm0,file_mapped,75.2109375,,,,
23.09711217880249,vm0,file_dirty,0.5859375,,,,
23.09711217880249,vm0,file_writeback,0.0,,,,
23.09711217880249,vm0,file_thp,0.0,,,,
23.09711217880249,vm1,file,14189.796875,,,,
23.09711217880249,vm1,file_mapped,88.20703125,,,,
23.09711217880249,vm1,file_dirty,5.625,,,,
23.09711217880249,vm1,file_writeback,0.0,,,,
23.09711217880249,vm1,file_thp,0.0,,,,
24.686497688293457,host,file,41215.40625,171.18359375,3609.234375,3590.75390625,7804.73046875
24.686497688293457,host,file_mapped,26536.8203125,72.59765625,3409.79296875,3396.85546875,7803.9609375
24.686497688293457,host,file_dirty,26430.96875,0.06640625,1733.96484375,3251.5234375,0.0
24.686497688293457,host,file_writeback,0.88671875,0.0,45.2578125,2.71484375,0.0
24.686497688293457,host,file_thp,0.0,0.0,0.0,0.0,0.0
24.686497688293457,virtiofsd,file,41069.3671875,0.0,0.0,0.0,0.0
24.686497688293457,virtiofsd,file_mapped,26434.05078125,0.0,0.0,0.0,0.0
24.686497688293457,virtiofsd,file_dirty,26430.91015625,0.0,0.0,0.0,0.0
24.686497688293457,virtiofsd,file_writeback,0.88671875,0.0,0.0,0.0,0.0
24.686497688293457,virtiofsd,file_thp,0.0,0.0,0.0,0.0,0.0
24.686497688293457,vm0-cg,file,0.0,0.0,3547.30859375,0.0,7711.6328125
24.686497688293457,vm0-cg,file_mapped,0.0,0.0,3349.40625,0.0,7710.88671875
24.686497688293457,vm0-cg,file_dirty,0.0,0.0,1733.96484375,0.0,0.0
24.686497688293457,vm0-cg,file_writeback,0.0,0.0,45.2578125,0.0,0.0
24.686497688293457,vm0-cg,file_thp,0.0,0.0,0.0,0.0,0.0
24.686497688293457,vm1-cg,file,0.0,0.0,0.0,3585.8125,93.09765625
24.686497688293457,vm1-cg,file_mapped,0.0,0.0,0.0,3392.96875,93.07421875
24.686497688293457,vm1-cg,file_dirty,0.0,0.0,0.0,3251.51953125,0.0
24.686497688293457,vm1-cg,file_writeback,0.0,0.0,0.0,2.71484375,0.0
24.686497688293457,vm1-cg,file_thp,0.0,0.0,0.0,0.0,0.0
24.686497688293457,vm0,file,14892.48046875,,,,
24.686497688293457,vm0,file_mapped,75.07421875,,,,
24.686497688293457,vm0,file_dirty,0.70703125,,,,
24.686497688293457,vm0,file_writeback,0.0,,,,
24.686497688293457,vm0,file_thp,0.0,,,,
24.686497688293457,vm1,file,14460.796875,,,,
24.686497688293457,vm1,file_mapped,88.33984375,,,,
24.686497688293457,vm1,file_dirty,5.7109375,,,,
24.686497688293457,vm1,file_writeback,0.0,,,,
24.686497688293457,vm1,file_thp,0.0,,,,
26.190149307250977,host,file,42209.09375,171.18359375,3702.72265625,3644.80859375,8017.59375
26.190149307250977,host,file_mapped,27138.140625,72.59765625,3503.515625,3451.64453125,8016.82421875
26.190149307250977,host,file_dirty,26903.375,0.06640625,1767.7578125,3191.328125,0.0
26.190149307250977,host,file_writeback,12.6015625,0.0,7.1953125,0.0,0.0
26.190149307250977,host,file_thp,0.0,0.0,0.0,0.0,0.0
26.190149307250977,virtiofsd,file,42063.0546875,0.0,0.0,0.0,0.0
26.190149307250977,virtiofsd,file_mapped,27035.37109375,0.0,0.0,0.0,0.0
26.190149307250977,virtiofsd,file_dirty,26903.31640625,0.0,0.0,0.0,0.0
26.190149307250977,virtiofsd,file_writeback,12.6015625,0.0,0.0,0.0,0.0
26.190149307250977,virtiofsd,file_thp,0.0,0.0,0.0,0.0,0.0
26.190149307250977,vm0-cg,file,0.0,0.0,3640.796875,0.0,7924.49609375
26.190149307250977,vm0-cg,file_mapped,0.0,0.0,3443.12890625,0.0,7923.75
26.190149307250977,vm0-cg,file_dirty,0.0,0.0,1767.7578125,0.0,0.0
26.190149307250977,vm0-cg,file_writeback,0.0,0.0,7.1953125,0.0,0.0
26.190149307250977,vm0-cg,file_thp,0.0,0.0,0.0,0.0,0.0
26.190149307250977,vm1-cg,file,0.0,0.0,0.0,3639.8671875,93.09765625
26.190149307250977,vm1-cg,file_mapped,0.0,0.0,0.0,3447.7578125,93.07421875
26.190149307250977,vm1-cg,file_dirty,0.0,0.0,0.0,3191.32421875,0.0
26.190149307250977,vm1-cg,file_writeback,0.0,0.0,0.0,0.0,0.0
26.190149307250977,vm1-cg,file_thp,0.0,0.0,0.0,0.0,0.0
26.190149307250977,vm0,file,15262.48828125,,,,
26.190149307250977,vm0,file_mapped,75.0703125,,,,
26.190149307250977,vm0,file_dirty,0.8125,,,,
26.190149307250977,vm0,file_writeback,0.0,,,,
26.190149307250977,vm0,file_thp,0.0,,,,
26.190149307250977,vm1,file,14925.421875,,,,
26.190149307250977,vm1,file_mapped,88.35546875,,,,
26.190149307250977,vm1,file_dirty,0.36328125,,,,
26.190149307250977,vm1,file_writeback,0.0,,,,
26.190149307250977,vm1,file_thp,0.0,,,,
28.229312658309937,host,file,42984.02734375,171.18359375,3760.2109375,3716.02734375,8156.20703125
28.229312658309937,host,file_mapped,27648.21484375,72.59765625,3559.89453125,3524.19140625,8155.4375
28.229312658309937,host,file_dirty,27201.6015625,0.0234375,1771.296875,3271.0078125,0.0
28.229312658309937,host,file_writeback,30.09765625,0.0,0.0,0.0,0.0
28.229312658309937,host,file_thp,0.0,0.0,0.0,0.0,0.0
28.229312658309937,virtiofsd,file,42837.98046875,0.0,0.0,0.0,0.0
28.229312658309937,virtiofsd,file_mapped,27545.4453125,0.0,0.0,0.0,0.0
28.229312658309937,virtiofsd,file_dirty,27201.5859375,0.0,0.0,0.0,0.0
28.229312658309937,virtiofsd,file_writeback,30.09765625,0.0,0.0,0.0,0.0
28.229312658309937,virtiofsd,file_thp,0.0,0.0,0.0,0.0,0.0
28.229312658309937,vm0-cg,file,0.0,0.0,3698.28515625,0.0,8063.109375
28.229312658309937,vm0-cg,file_mapped,0.0,0.0,3499.5078125,0.0,8062.36328125
28.229312658309937,vm0-cg,file_dirty,0.0,0.0,1771.296875,0.0,0.0
28.229312658309937,vm0-cg,file_writeback,0.0,0.0,0.0,0.0,0.0
28.229312658309937,vm0-cg,file_thp,0.0,0.0,0.0,0.0,0.0
28.229312658309937,vm1-cg,file,0.0,0.0,0.0,3711.0859375,93.09765625
28.229312658309937,vm1-cg,file_mapped,0.0,0.0,0.0,3520.3046875,93.07421875
28.229312658309937,vm1-cg,file_dirty,0.0,0.0,0.0,3271.00390625,0.0
28.229312658309937,vm1-cg,file_writeback,0.0,0.0,0.0,0.0,0.0
28.229312658309937,vm1-cg,file_thp,0.0,0.0,0.0,0.0,0.0
28.229312658309937,vm0,file,15568.36328125,,,,
28.229312658309937,vm0,file_mapped,75.10546875,,,,
28.229312658309937,vm0,file_dirty,0.921875,,,,
28.229312658309937,vm0,file_writeback,0.0,,,,
28.229312658309937,vm0,file_thp,0.0,,,,
28.229312658309937,vm1,file,15216.50390625,,,,
28.229312658309937,vm1,file_mapped,88.40625,,,,
28.229312658309937,vm1,file_dirty,0.5546875,,,,
28.229312658309937,vm1,file_writeback,0.0,,,,
28.229312658309937,vm1,file_thp,0.0,,,,
29.75392174720764,host,file,45137.5078125,171.18359375,3834.7734375,3758.375,8601.7578125
29.75392174720764,host,file_mapped,28961.20703125,72.59765625,3638.63671875,3563.79296875,8600.98828125
29.75392174720764,host,file_dirty,28480.453125,0.0234375,1847.2890625,3305.234375,0.0
29.75392174720764,host,file_writeback,0.0,0.0,0.0,0.0,0.0
29.75392174720764,host,file_thp,0.0,0.0,0.0,0.0,0.0
29.75392174720764,virtiofsd,file,44995.3125,0.0,0.0,0.0,0.0
29.75392174720764,virtiofsd,file_mapped,28860.57421875,0.0,0.0,0.0,0.0
29.75392174720764,virtiofsd,file_dirty,28482.6796875,0.0,0.0,0.0,0.0
29.75392174720764,virtiofsd,file_writeback,0.0,0.0,0.0,0.0,0.0
29.75392174720764,virtiofsd,file_thp,0.0,0.0,0.0,0.0,0.0
29.75392174720764,vm0-cg,file,0.0,0.0,3772.84765625,0.0,8508.66015625
29.75392174720764,vm0-cg,file_mapped,0.0,0.0,3578.25,0.0,8507.9140625
29.75392174720764,vm0-cg,file_dirty,0.0,0.0,1847.2890625,0.0,0.0
29.75392174720764,vm0-cg,file_writeback,0.0,0.0,0.0,0.0,0.0
29.75392174720764,vm0-cg,file_thp,0.0,0.0,0.0,0.0,0.0
29.75392174720764,vm1-cg,file,0.0,0.0,0.0,3753.43359375,93.09765625
29.75392174720764,vm1-cg,file_mapped,0.0,0.0,0.0,3559.90625,93.07421875
29.75392174720764,vm1-cg,file_dirty,0.0,0.0,0.0,3305.23046875,0.0
29.75392174720764,vm1-cg,file_writeback,0.0,0.0,0.0,0.0,0.0
29.75392174720764,vm1-cg,file_thp,0.0,0.0,0.0,0.0,0.0
29.75392174720764,vm0,file,16414.375,,,,
29.75392174720764,vm0,file_mapped,75.1796875,,,,
29.75392174720764,vm0,file_dirty,1.0234375,,,,
29.75392174720764,vm0,file_writeback,0.0,,,,
29.75392174720764,vm0,file_thp,0.0,,,,
29.75392174720764,vm1,file,16046.3515625,,,,
29.75392174720764,vm1,file_mapped,88.48046875,,,,
29.75392174720764,vm1,file_dirty,0.67578125,,,,
29.75392174720764,vm1,file_writeback,0.0,,,,
29.75392174720764,vm1,file_thp,0.0,,,,
30.835536003112793,host,file,47630.30859375,171.18359375,3875.53515625,3793.5234375,9073.05078125
30.835536003112793,host,file_mapped,30574.3046875,72.59765625,3678.6015625,3600.9296875,9072.27734375
30.835536003112793,host,file_dirty,30093.84375,0.0234375,1884.7421875,3342.890625,0.0
30.835536003112793,host,file_writeback,0.0,0.0,0.0,0.0,0.0
30.835536003112793,host,file_thp,0.0,0.0,0.0,0.0,0.0
30.835536003112793,virtiofsd,file,47484.25390625,0.0,0.0,0.0,0.0
30.835536003112793,virtiofsd,file_mapped,30471.5390625,0.0,0.0,0.0,0.0
30.835536003112793,virtiofsd,file_dirty,30093.83203125,0.0,0.0,0.0,0.0
30.835536003112793,virtiofsd,file_writeback,0.0,0.0,0.0,0.0,0.0
30.835536003112793,virtiofsd,file_thp,0.0,0.0,0.0,0.0,0.0
30.835536003112793,vm0-cg,file,0.0,0.0,3813.609375,0.0,8979.953125
30.835536003112793,vm0-cg,file_mapped,0.0,0.0,3618.21484375,0.0,8979.203125
30.835536003112793,vm0-cg,file_dirty,0.0,0.0,1884.7421875,0.0,0.0
30.835536003112793,vm0-cg,file_writeback,0.0,0.0,0.0,0.0,0.0
30.835536003112793,vm0-cg,file_thp,0.0,0.0,0.0,0.0,0.0
30.835536003112793,vm1-cg,file,0.0,0.0,0.0,3788.58203125,93.09765625
30.835536003112793,vm1-cg,file_mapped,0.0,0.0,0.0,3597.04296875,93.07421875
30.835536003112793,vm1-cg,file_dirty,0.0,0.0,0.0,3342.88671875,0.0
30.835536003112793,vm1-cg,file_writeback,0.0,0.0,0.0,0.0,0.0
30.835536003112793,vm1-cg,file_thp,0.0,0.0,0.0,0.0,0.0
30.835536003112793,vm0,file,17355.5078125,,,,
30.835536003112793,vm0,file_mapped,75.28515625,,,,
30.835536003112793,vm0,file_dirty,1.125,,,,
30.835536003112793,vm0,file_writeback,0.0,,,,
30.835536003112793,vm0,file_thp,0.0,,,,
30.835536003112793,vm1,file,16775.3515625,,,,
30.835536003112793,vm1,file_mapped,86.3359375,,,,
30.835536003112793,vm1,file_dirty,0.7890625,,,,
30.835536003112793,vm1,file_writeback,0.0,,,,
30.835536003112793,vm1,file_thp,0.0,,,,
32.07937693595886,host,file,50094.9296875,171.1875,3974.61328125,3837.62109375,9717.71875
32.07937693595886,host,file_mapped,32126.3359375,72.59765625,3776.01953125,3643.94921875,9716.82421875
32.07937693595886,host,file_dirty,31645.41015625,0.0234375,1976.19140625,3291.3515625,0.0
32.07937693595886,host,file_writeback,0.0,0.0,0.0,0.0,0.0
32.07937693595886,host,file_thp,0.0,0.0,0.0,0.0,0.0
32.07937693595886,virtiofsd,file,49952.25,0.0,0.0,0.0,0.0
32.07937693595886,virtiofsd,file_mapped,32026.14453125,0.0,0.0,0.0,0.0
32.07937693595886,virtiofsd,file_dirty,31647.9921875,0.0,0.0,0.0,0.0
32.07937693595886,virtiofsd,file_writeback,0.0,0.0,0.0,0.0,0.0
32.07937693595886,virtiofsd,file_thp,0.0,0.0,0.0,0.0,0.0
32.07937693595886,vm0-cg,file,0.0,0.0,3912.734375,0.0,9629.44921875
32.07937693595886,vm0-cg,file_mapped,0.0,0.0,3715.6796875,0.0,9628.703125
32.07937693595886,vm0-cg,file_dirty,0.0,0.0,1976.19140625,0.0,0.0
32.07937693595886,vm0-cg,file_writeback,0.0,0.0,0.0,0.0,0.0
32.07937693595886,vm0-cg,file_thp,0.0,0.0,0.0,0.0,0.0
32.07937693595886,vm1-cg,file,0.0,0.0,0.0,3832.6796875,93.09765625
32.07937693595886,vm1-cg,file_mapped,0.0,0.0,0.0,3640.0625,93.07421875
32.07937693595886,vm1-cg,file_dirty,0.0,0.0,0.0,3291.34765625,0.0
32.07937693595886,vm1-cg,file_writeback,0.0,0.0,0.0,0.0,0.0
32.07937693595886,vm1-cg,file_thp,0.0,0.0,0.0,0.0,0.0
32.07937693595886,vm0,file,18204.515625,,,,
32.07937693595886,vm0,file_mapped,75.3984375,,,,
32.07937693595886,vm0,file_dirty,1.22265625,,,,
32.07937693595886,vm0,file_writeback,0.0,,,,
32.07937693595886,vm0,file_thp,0.0,,,,
32.07937693595886,vm1,file,17630.6015625,,,,
32.07937693595886,vm1,file_mapped,86.3984375,,,,
32.07937693595886,vm1,file_dirty,0.8984375,,,,
32.07937693595886,vm1,file_writeback,0.0,,,,
32.07937693595886,vm1,file_thp,0.0,,,,
33.14505457878113,host,file,52621.53515625,171.1875,4005.66796875,3892.24609375,10453.25390625
33.14505457878113,host,file_mapped,33764.02734375,72.59765625,3809.27734375,3698.97265625,10452.484375
33.14505457878113,host,file_dirty,33283.390625,0.0234375,2003.82421875,3346.42578125,0.0
33.14505457878113,host,file_writeback,0.0,0.0,0.0,0.0,0.0
33.14505457878113,host,file_thp,0.0,0.0,0.0,0.0,0.0
33.14505457878113,virtiofsd,file,52478.15234375,0.0,0.0,0.0,0.0
33.14505457878113,virtiofsd,file_mapped,33662.953125,0.0,0.0,0.0,0.0
33.14505457878113,virtiofsd,file_dirty,33285.01953125,0.0,0.0,0.0,0.0
33.14505457878113,virtiofsd,file_writeback,0.0,0.0,0.0,0.0,0.0
33.14505457878113,virtiofsd,file_thp,0.0,0.0,0.0,0.0,0.0
33.14505457878113,vm0-cg,file,0.0,0.0,3943.7421875,0.0,10360.15625
33.14505457878113,vm0-cg,file_mapped,0.0,0.0,3748.890625,0.0,10359.41015625
33.14505457878113,vm0-cg,file_dirty,0.0,0.0,2003.82421875,0.0,0.0
33.14505457878113,vm0-cg,file_writeback,0.0,0.0,0.0,0.0,0.0
33.14505457878113,vm0-cg,file_thp,0.0,0.0,0.0,0.0,0.0
33.14505457878113,vm1-cg,file,0.0,0.0,0.0,3887.3046875,93.09765625
33.14505457878113,vm1-cg,file_mapped,0.0,0.0,0.0,3695.0859375,93.07421875
33.14505457878113,vm1-cg,file_dirty,0.0,0.0,0.0,3346.421875,0.0
33.14505457878113,vm1-cg,file_writeback,0.0,0.0,0.0,0.0,0.0
33.14505457878113,vm1-cg,file_thp,0.0,0.0,0.0,0.0,0.0
33.14505457878113,vm0,file,19177.765625,,,,
33.14505457878113,vm0,file_mapped,75.41796875,,,,
33.14505457878113,vm0,file_dirty,1.33984375,,,,
33.14505457878113,vm0,file_writeback,0.0,,,,
33.14505457878113,vm0,file_thp,0.0,,,,
33.14505457878113,vm1,file,18435.8515625,,,,
33.14505457878113,vm1,file_mapped,86.46484375,,,,
33.14505457878113,vm1,file_dirty,1.00390625,,,,
33.14505457878113,vm1,file_writeback,0.0,,,,
33.14505457878113,vm1,file_thp,0.0,,,,
34.249149322509766,host,file,54846.20703125,171.1875,4079.48828125,3942.41015625,11110.6796875
34.249149322509766,host,file_mapped,35190.08984375,72.59765625,3880.921875,3750.43359375,11109.91015625
34.249149322509766,host,file_dirty,34640.62109375,0.0234375,2069.68359375,3398.078125,0.0
34.249149322509766,host,file_writeback,15.91796875,0.0,0.0,0.0,0.0
34.249149322509766,host,file_thp,0.0,0.0,0.0,0.0,0.0
34.249149322509766,virtiofsd,file,54702.25390625,0.0,0.0,0.0,0.0
34.249149322509766,virtiofsd,file_mapped,35089.00390625,0.0,0.0,0.0,0.0
34.249149322509766,virtiofsd,file_dirty,34641.52734375,0.0,0.0,0.0,0.0
34.249149322509766,virtiofsd,file_writeback,16.671875,0.0,0.0,0.0,0.0
34.249149322509766,virtiofsd,file_thp,0.0,0.0,0.0,0.0,0.0
34.249149322509766,vm0-cg,file,0.0,0.0,4017.5625,0.0,11017.58203125
34.249149322509766,vm0-cg,file_mapped,0.0,0.0,3820.53515625,0.0,11016.8359375
34.249149322509766,vm0-cg,file_dirty,0.0,0.0,2069.68359375,0.0,0.0
34.249149322509766,vm0-cg,file_writeback,0.0,0.0,0.0,0.0,0.0
34.249149322509766,vm0-cg,file_thp,0.0,0.0,0.0,0.0,0.0
34.249149322509766,vm1-cg,file,0.0,0.0,0.0,3937.46875,93.09765625
34.249149322509766,vm1-cg,file_mapped,0.0,0.0,0.0,3746.546875,93.07421875
34.249149322509766,vm1-cg,file_dirty,0.0,0.0,0.0,3398.07421875,0.0
34.249149322509766,vm1-cg,file_writeback,0.0,0.0,0.0,0.0,0.0
34.249149322509766,vm1-cg,file_thp,0.0,0.0,0.0,0.0,0.0
34.249149322509766,vm0,file,19864.140625,,,,
34.249149322509766,vm0,file_mapped,75.48046875,,,,
34.249149322509766,vm0,file_dirty,1.45703125,,,,
34.249149322509766,vm0,file_writeback,0.0,,,,
34.249149322509766,vm0,file_thp,0.0,,,,
34.249149322509766,vm1,file,18994.68359375,,,,
34.249149322509766,vm1,file_mapped,86.5234375,,,,
34.249149322509766,vm1,file_dirty,1.11328125,,,,
34.249149322509766,vm1,file_writeback,0.0,,,,
34.249149322509766,vm1,file_thp,0.0,,,,
35.59036207199097,host,file,55747.48828125,171.1953125,4166.625,3990.91015625,11401.76953125
35.59036207199097,host,file_mapped,35732.83203125,72.59765625,3968.33203125,3795.4296875,11401.00390625
35.59036207199097,host,file_dirty,34807.93359375,0.0234375,2150.98828125,3443.078125,0.0
35.59036207199097,host,file_writeback,43.25390625,0.0,0.0,0.0,0.0
35.59036207199097,host,file_thp,0.0,0.0,0.0,0.0,0.0
35.59036207199097,virtiofsd,file,55601.42578125,0.0,0.0,0.0,0.0
35.59036207199097,virtiofsd,file_mapped,35630.0625,0.0,0.0,0.0,0.0
35.59036207199097,virtiofsd,file_dirty,34807.9140625,0.0,0.0,0.0,0.0
35.59036207199097,virtiofsd,file_writeback,43.25390625,0.0,0.0,0.0,0.0
35.59036207199097,virtiofsd,file_thp,0.0,0.0,0.0,0.0,0.0
35.59036207199097,vm0-cg,file,0.0,0.0,4104.69921875,0.0,11308.671875
35.59036207199097,vm0-cg,file_mapped,0.0,0.0,3907.9453125,0.0,11307.9296875
35.59036207199097,vm0-cg,file_dirty,0.0,0.0,2150.98828125,0.0,0.0
35.59036207199097,vm0-cg,file_writeback,0.0,0.0,0.0,0.0,0.0
35.59036207199097,vm0-cg,file_thp,0.0,0.0,0.0,0.0,0.0
35.59036207199097,vm1-cg,file,0.0,0.0,0.0,3985.96875,93.09765625
35.59036207199097,vm1-cg,file_mapped,0.0,0.0,0.0,3791.54296875,93.07421875
35.59036207199097,vm1-cg,file_dirty,0.0,0.0,0.0,3443.07421875,0.0
35.59036207199097,vm1-cg,file_writeback,0.0,0.0,0.0,0.0,0.0
35.59036207199097,vm1-cg,file_thp,0.0,0.0,0.0,0.0,0.0
35.59036207199097,vm0,file,20242.140625,,,,
35.59036207199097,vm0,file_mapped,75.48828125,,,,
35.59036207199097,vm0,file_dirty,1.54296875,,,,
35.59036207199097,vm0,file_writeback,0.0,,,,
35.59036207199097,vm0,file_thp,0.0,,,,
35.59036207199097,vm1,file,19253.93359375,,,,
35.59036207199097,vm1,file_mapped,86.5625,,,,
35.59036207199097,vm1,file_dirty,1.2265625,,,,
35.59036207199097,vm1,file_writeback,0.0,,,,
35.59036207199097,vm1,file_thp,0.0,,,,
37.573829889297485,host,file,56408.51171875,171.1953125,4282.3046875,4045.078125,11637.40234375
37.573829889297485,host,file_mapped,36119.0546875,72.59765625,4084.71875,3849.82421875,11636.640625
37.573829889297485,host,file_dirty,35129.91015625,0.0234375,2265.8984375,3425.58203125,0.0
37.573829889297485,host,file_writeback,22.71875,0.0,0.0,24.0,0.0
37.573829889297485,host,file_thp,0.0,0.0,0.0,0.0,0.0
37.573829889297485,virtiofsd,file,56262.44921875,0.0,0.0,0.0,0.0
37.573829889297485,virtiofsd,file_mapped,36016.28515625,0.0,0.0,0.0,0.0
37.573829889297485,virtiofsd,file_dirty,35129.890625,0.0,0.0,0.0,0.0
37.573829889297485,virtiofsd,file_writeback,22.71875,0.0,0.0,0.0,0.0
37.573829889297485,virtiofsd,file_thp,0.0,0.0,0.0,0.0,0.0
37.573829889297485,vm0-cg,file,0.0,0.0,4220.37890625,0.0,11544.3046875
37.573829889297485,vm0-cg,file_mapped,0.0,0.0,4024.33203125,0.0,11543.56640625
37.573829889297485,vm0-cg,file_dirty,0.0,0.0,2265.8984375,0.0,0.0
37.573829889297485,vm0-cg,file_writeback,0.0,0.0,0.0,0.0,0.0
37.573829889297485,vm0-cg,file_thp,0.0,0.0,0.0,0.0,0.0
37.573829889297485,vm1-cg,file,0.0,0.0,0.0,4040.13671875,93.09765625
37.573829889297485,vm1-cg,file_mapped,0.0,0.0,0.0,3845.9375,93.07421875
37.573829889297485,vm1-cg,file_dirty,0.0,0.0,0.0,3425.578125,0.0
37.573829889297485,vm1-cg,file_writeback,0.0,0.0,0.0,24.0,0.0
37.573829889297485,vm1-cg,file_thp,0.0,0.0,0.0,0.0,0.0
37.573829889297485,vm0,file,20430.0234375,,,,
37.573829889297485,vm0,file_mapped,75.56640625,,,,
37.573829889297485,vm0,file_dirty,1.6484375,,,,
37.573829889297485,vm0,file_writeback,0.0,,,,
37.573829889297485,vm0,file_thp,0.0,,,,
37.573829889297485,vm1,file,19512.68359375,,,,
37.573829889297485,vm1,file_mapped,86.75390625,,,,
37.573829889297485,vm1,file_dirty,1.3515625,,,,
37.573829889297485,vm1,file_writeback,0.0,,,,
37.573829889297485,vm1,file_thp,0.0,,,,
39.23308300971985,host,file,56921.33984375,171.1953125,4326.10546875,4128.7421875,11810.66796875
39.23308300971985,host,file_mapped,36421.1796875,72.59765625,4129.05859375,3934.2734375,11809.90625
39.23308300971985,host,file_dirty,35371.03515625,0.0234375,2308.9765625,3457.3203125,0.0
39.23308300971985,host,file_writeback,40.609375,0.0,0.0,28.75,0.0
39.23308300971985,host,file_thp,0.0,0.0,0.0,0.0,0.0
39.23308300971985,virtiofsd,file,56775.26953125,0.0,0.0,0.0,0.0
39.23308300971985,virtiofsd,file_mapped,36318.41015625,0.0,0.0,0.0,0.0
39.23308300971985,virtiofsd,file_dirty,35371.015625,0.0,0.0,0.0,0.0
39.23308300971985,virtiofsd,file_writeback,40.609375,0.0,0.0,0.0,0.0
39.23308300971985,virtiofsd,file_thp,0.0,0.0,0.0,0.0,0.0
39.23308300971985,vm0-cg,file,0.0,0.0,4264.1796875,0.0,11717.5703125
39.23308300971985,vm0-cg,file_mapped,0.0,0.0,4068.671875,0.0,11716.83203125
39.23308300971985,vm0-cg,file_dirty,0.0,0.0,2308.9765625,0.0,0.0
39.23308300971985,vm0-cg,file_writeback,0.0,0.0,0.0,0.0,0.0
39.23308300971985,vm0-cg,file_thp,0.0,0.0,0.0,0.0,0.0
39.23308300971985,vm1-cg,file,0.0,0.0,0.0,4123.80078125,93.09765625
39.23308300971985,vm1-cg,file_mapped,0.0,0.0,0.0,3930.38671875,93.07421875
39.23308300971985,vm1-cg,file_dirty,0.0,0.0,0.0,3457.31640625,0.0
39.23308300971985,vm1-cg,file_writeback,0.0,0.0,0.0,28.75,0.0
39.23308300971985,vm1-cg,file_thp,0.0,0.0,0.0,0.0,0.0
39.23308300971985,vm0,file,20666.5234375,,,,
39.23308300971985,vm0,file_mapped,75.5859375,,,,
39.23308300971985,vm0,file_dirty,1.734375,,,,
39.23308300971985,vm0,file_writeback,0.0,,,,
39.23308300971985,vm0,file_thp,0.0,,,,
39.23308300971985,vm1,file,19640.19140625,,,,
39.23308300971985,vm1,file_mapped,86.78515625,,,,
39.23308300971985,vm1,file_dirty,1.46875,,,,
39.23308300971985,vm1,file_writeback,0.0,,,,
39.23308300971985,vm1,file_thp,0.0,,,,
40.78109622001648,host,file,57235.21875,171.1953125,4386.3984375,4150.76171875,11921.55859375
40.78109622001648,host,file_mapped,36595.99609375,72.59765625,4189.6953125,3956.0546875,11920.79296875
40.78109622001648,host,file_dirty,35483.03515625,0.0234375,2365.19921875,3435.91796875,0.0
40.78109622001648,host,file_writeback,19.265625,0.0,0.0,22.328125,0.0
40.78109622001648,host,file_thp,0.0,0.0,0.0,0.0,0.0
40.78109622001648,virtiofsd,file,57089.1484375,0.0,0.0,0.0,0.0
40.78109622001648,virtiofsd,file_mapped,36493.2265625,0.0,0.0,0.0,0.0
40.78109622001648,virtiofsd,file_dirty,35483.015625,0.0,0.0,0.0,0.0
40.78109622001648,virtiofsd,file_writeback,19.265625,0.0,0.0,0.0,0.0
40.78109622001648,virtiofsd,file_thp,0.0,0.0,0.0,0.0,0.0
40.78109622001648,vm0-cg,file,0.0,0.0,4324.47265625,0.0,11828.4609375
40.78109622001648,vm0-cg,file_mapped,0.0,0.0,4129.30859375,0.0,11827.71875
40.78109622001648,vm0-cg,file_dirty,0.0,0.0,2365.19921875,0.0,0.0
40.78109622001648,vm0-cg,file_writeback,0.0,0.0,0.0,0.0,0.0
40.78109622001648,vm0-cg,file_thp,0.0,0.0,0.0,0.0,0.0
40.78109622001648,vm1-cg,file,0.0,0.0,0.0,4145.8203125,93.09765625
40.78109622001648,vm1-cg,file_mapped,0.0,0.0,0.0,3952.16796875,93.07421875
40.78109622001648,vm1-cg,file_dirty,0.0,0.0,0.0,3435.9140625,0.0
40.78109622001648,vm1-cg,file_writeback,0.0,0.0,0.0,22.328125,0.0
40.78109622001648,vm1-cg,file_thp,0.0,0.0,0.0,0.0,0.0
40.78109622001648,vm0,file,20898.5234375,,,,
40.78109622001648,vm0,file_mapped,75.66796875,,,,
40.78109622001648,vm0,file_dirty,1.83984375,,,,
40.78109622001648,vm0,file_writeback,0.0,,,,
40.78109622001648,vm0,file_thp,0.0,,,,
40.78109622001648,vm1,file,19901.31640625,,,,
40.78109622001648,vm1,file_mapped,86.94921875,,,,
40.78109622001648,vm1,file_dirty,1.55078125,,,,
40.78109622001648,vm1,file_writeback,0.0,,,,
40.78109622001648,vm1,file_thp,0.0,,,,
42.256924867630005,host,file,58405.6796875,171.1953125,4502.08203125,4187.15625,12302.74609375
42.256924867630005,host,file_mapped,37302.01953125,72.59765625,4306.6015625,3994.15625,12301.98046875
42.256924867630005,host,file_dirty,36004.515625,0.0,2411.26953125,3354.2421875,0.0
42.256924867630005,host,file_writeback,61.546875,0.0,0.0,0.0,0.0
42.256924867630005,host,file_thp,0.0,0.0,0.0,0.0,0.0
42.256924867630005,virtiofsd,file,58259.609375,0.0,0.0,0.0,0.0
42.256924867630005,virtiofsd,file_mapped,37199.25,0.0,0.0,0.0,0.0
42.256924867630005,virtiofsd,file_dirty,36004.51171875,0.0,0.0,0.0,0.0
42.256924867630005,virtiofsd,file_writeback,61.546875,0.0,0.0,0.0,0.0
42.256924867630005,virtiofsd,file_thp,0.0,0.0,0.0,0.0,0.0
42.256924867630005,vm0-cg,file,0.0,0.0,4440.15625,0.0,12209.6484375
42.256924867630005,vm0-cg,file_mapped,0.0,0.0,4246.21484375,0.0,12208.90625
42.256924867630005,vm0-cg,file_dirty,0.0,0.0,2411.26953125,0.0,0.0
42.256924867630005,vm0-cg,file_writeback,0.0,0.0,0.0,0.0,0.0
42.256924867630005,vm0-cg,file_thp,0.0,0.0,0.0,0.0,0.0
42.256924867630005,vm1-cg,file,0.0,0.0,0.0,4182.21484375,93.09765625
42.256924867630005,vm1-cg,file_mapped,0.0,0.0,0.0,3990.26953125,93.07421875
42.256924867630005,vm1-cg,file_dirty,0.0,0.0,0.0,3354.2421875,0.0
42.256924867630005,vm1-cg,file_writeback,0.0,0.0,0.0,0.0,0.0
42.256924867630005,vm1-cg,file_thp,0.0,0.0,0.0,0.0,0.0
42.256924867630005,vm0,file,21307.7734375,,,,
42.256924867630005,vm0,file_mapped,75.6796875,,,,
42.256924867630005,vm0,file_dirty,1.953125,,,,
42.256924867630005,vm0,file_writeback,0.0,,,,
42.256924867630005,vm0,file_thp,0.0,,,,
42.256924867630005,vm1,file,20326.7421875,,,,
42.256924867630005,vm1,file_mapped,87.16796875,,,,
42.256924867630005,vm1,file_dirty,1.6640625,,,,
42.256924867630005,vm1,file_writeback,0.0,,,,
42.256924867630005,vm1,file_thp,0.0,,,,
43.89793062210083,host,file,59091.25390625,171.1953125,4562.703125,4237.16015625,12504.7265625
43.89793062210083,host,file_mapped,37744.30078125,72.59765625,4364.14453125,4044.8359375,12503.9609375
43.89793062210083,host,file_dirty,36252.15234375,0.0,2468.62890625,3405.0,0.0
43.89793062210083,host,file_writeback,11.35546875,0.0,0.0,0.0,0.0
43.89793062210083,host,file_thp,0.0,0.0,0.0,0.0,0.0
43.89793062210083,virtiofsd,file,58945.18359375,0.0,0.0,0.0,0.0
43.89793062210083,virtiofsd,file_mapped,37641.53125,0.0,0.0,0.0,0.0
43.89793062210083,virtiofsd,file_dirty,36252.1484375,0.0,0.0,0.0,0.0
43.89793062210083,virtiofsd,file_writeback,11.35546875,0.0,0.0,0.0,0.0
43.89793062210083,virtiofsd,file_thp,0.0,0.0,0.0,0.0,0.0
43.89793062210083,vm0-cg,file,0.0,0.0,4500.77734375,0.0,12411.62890625
43.89793062210083,vm0-cg,file_mapped,0.0,0.0,4303.7578125,0.0,12410.88671875
43.89793062210083,vm0-cg,file_dirty,0.0,0.0,2468.62890625,0.0,0.0
43.89793062210083,vm0-cg,file_writeback,0.0,0.0,0.0,0.0,0.0
43.89793062210083,vm0-cg,file_thp,0.0,0.0,0.0,0.0,0.0
43.89793062210083,vm1-cg,file,0.0,0.0,0.0,4232.21875,93.09765625
43.89793062210083,vm1-cg,file_mapped,0.0,0.0,0.0,4040.94921875,93.07421875
43.89793062210083,vm1-cg,file_dirty,0.0,0.0,0.0,3405.0,0.0
43.89793062210083,vm1-cg,file_writeback,0.0,0.0,0.0,0.0,0.0
43.89793062210083,vm1-cg,file_thp,0.0,0.0,0.0,0.0,0.0
43.89793062210083,vm0,file,21513.03125,,,,
43.89793062210083,vm0,file_mapped,75.70703125,,,,
43.89793062210083,vm0,file_dirty,2.05078125,,,,
43.89793062210083,vm0,file_writeback,0.0,,,,
43.89793062210083,vm0,file_thp,0.0,,,,
43.89793062210083,vm1,file,20487.7578125,,,,
43.89793062210083,vm1,file_mapped,87.25390625,,,,
43.89793062210083,vm1,file_dirty,1.77734375,,,,
43.89793062210083,vm1,file_writeback,0.0,,,,
43.89793062210083,vm1,file_thp,0.0,,,,
45.057058811187744,host,file,60008.79296875,171.1953125,4586.109375,4250.9140625,12769.0859375
45.057058811187744,host,file_mapped,38346.0078125,72.59765625,4388.63671875,4059.1796875,12768.3203125
45.057058811187744,host,file_dirty,36676.6328125,0.00390625,2499.1015625,3419.375,0.0
45.057058811187744,host,file_writeback,49.09375,0.0,0.0,0.0,0.0
45.057058811187744,host,file_thp,0.0,0.0,0.0,0.0,0.0
45.057058811187744,virtiofsd,file,59862.71484375,0.0,0.0,0.0,0.0
45.057058811187744,virtiofsd,file_mapped,38243.23828125,0.0,0.0,0.0,0.0
45.057058811187744,virtiofsd,file_dirty,36676.625,0.0,0.0,0.0,0.0
45.057058811187744,virtiofsd,file_writeback,49.09375,0.0,0.0,0.0,0.0
45.057058811187744,virtiofsd,file_thp,0.0,0.0,0.0,0.0,0.0
45.057058811187744,vm0-cg,file,0.0,0.0,4524.18359375,0.0,12675.98828125
45.057058811187744,vm0-cg,file_mapped,0.0,0.0,4328.25,0.0,12675.24609375
45.057058811187744,vm0-cg,file_dirty,0.0,0.0,2499.1015625,0.0,0.0
45.057058811187744,vm0-cg,file_writeback,0.0,0.0,0.0,0.0,0.0
45.057058811187744,vm0-cg,file_thp,0.0,0.0,0.0,0.0,0.0
45.057058811187744,vm1-cg,file,0.0,0.0,0.0,4245.97265625,93.09765625
45.057058811187744,vm1-cg,file_mapped,0.0,0.0,0.0,4055.29296875,93.07421875
45.057058811187744,vm1-cg,file_dirty,0.0,0.0,0.0,3419.375,0.0
45.057058811187744,vm1-cg,file_writeback,0.0,0.0,0.0,0.0,0.0
45.057058811187744,vm1-cg,file_thp,0.0,0.0,0.0,0.0,0.0
45.057058811187744,vm0,file,21823.953125,,,,
45.057058811187744,vm0,file_mapped,75.7265625,,,,
45.057058811187744,vm0,file_dirty,2.1484375,,,,
45.057058811187744,vm0,file_writeback,0.0,,,,
45.057058811187744,vm0,file_thp,0.0,,,,
45.057058811187744,vm1,file,20990.015625,,,,
45.057058811187744,vm1,file_mapped,87.32421875,,,,
45.057058811187744,vm1,file_dirty,1.8828125,,,,
45.057058811187744,vm1,file_writeback,0.0,,,,
45.057058811187744,vm1,file_thp,0.0,,,,
46.423410177230835,host,file,60938.87890625,171.1953125,4610.81640625,4349.12109375,13024.53125
46.423410177230835,host,file_mapped,38963.38671875,72.59765625,4413.53515625,4154.19140625,13023.7578125
46.423410177230835,host,file_dirty,36907.3984375,0.00390625,2483.88671875,3514.43359375,0.0
46.423410177230835,host,file_writeback,20.44140625,0.0,0.6875,0.0,0.0
46.423410177230835,host,file_thp,0.0,0.0,0.0,0.0,0.0
46.423410177230835,virtiofsd,file,60792.80078125,0.0,0.0,0.0,0.0
46.423410177230835,virtiofsd,file_mapped,38860.6171875,0.0,0.0,0.0,0.0
46.423410177230835,virtiofsd,file_dirty,36907.390625,0.0,0.0,0.0,0.0
46.423410177230835,virtiofsd,file_writeback,20.44140625,0.0,0.0,0.0,0.0
46.423410177230835,virtiofsd,file_thp,0.0,0.0,0.0,0.0,0.0
46.423410177230835,vm0-cg,file,0.0,0.0,4548.890625,0.0,12931.43359375
46.423410177230835,vm0-cg,file_mapped,0.0,0.0,4353.1484375,0.0,12930.68359375
46.423410177230835,vm0-cg,file_dirty,0.0,0.0,2483.88671875,0.0,0.0
46.423410177230835,vm0-cg,file_writeback,0.0,0.0,0.6875,0.0,0.0
46.423410177230835,vm0-cg,file_thp,0.0,0.0,0.0,0.0,0.0
46.423410177230835,vm1-cg,file,0.0,0.0,0.0,4344.1796875,93.09765625
46.423410177230835,vm1-cg,file_mapped,0.0,0.0,0.0,4150.3046875,93.07421875
46.423410177230835,vm1-cg,file_dirty,0.0,0.0,0.0,3514.43359375,0.0
46.423410177230835,vm1-cg,file_writeback,0.0,0.0,0.0,0.0,0.0
46.423410177230835,vm1-cg,file_thp,0.0,0.0,0.0,0.0,0.0
46.423410177230835,vm0,file,22126.58984375,,,,
46.423410177230835,vm0,file_mapped,75.84375,,,,
46.423410177230835,vm0,file_dirty,2.23828125,,,,
46.423410177230835,vm0,file_writeback,0.0,,,,
46.423410177230835,vm0,file_thp,0.0,,,,
46.423410177230835,vm1,file,21408.734375,,,,
46.423410177230835,vm1,file_mapped,87.33984375,,,,
46.423410177230835,vm1,file_dirty,1.9921875,,,,
46.423410177230835,vm1,file_writeback,0.0,,,,
46.423410177230835,vm1,file_thp,0.0,,,,
48.04864263534546,host,file,61601.7734375,171.1953125,4665.53515625,4462.73046875,13238.3828125
48.04864263534546,host,file_mapped,39365.7890625,72.59765625,4470.05078125,4269.01171875,13237.62109375
48.04864263534546,host,file_dirty,37166.47265625,0.00390625,2533.16796875,3605.28125,0.0
48.04864263534546,host,file_writeback,44.1015625,0.0,2.6640625,24.0,0.0
48.04864263534546,host,file_thp,0.0,0.0,0.0,0.0,0.0
48.04864263534546,virtiofsd,file,61455.69140625,0.0,0.0,0.0,0.0
48.04864263534546,virtiofsd,file_mapped,39263.01953125,0.0,0.0,0.0,0.0
48.04864263534546,virtiofsd,file_dirty,37166.4609375,0.0,0.0,0.0,0.0
48.04864263534546,virtiofsd,file_writeback,44.1015625,0.0,0.0,0.0,0.0
48.04864263534546,virtiofsd,file_thp,0.0,0.0,0.0,0.0,0.0
48.04864263534546,vm0-cg,file,0.0,0.0,4603.609375,0.0,13145.28515625
48.04864263534546,vm0-cg,file_mapped,0.0,0.0,4409.6640625,0.0,13144.546875
48.04864263534546,vm0-cg,file_dirty,0.0,0.0,2533.16796875,0.0,0.0
48.04864263534546,vm0-cg,file_writeback,0.0,0.0,2.6640625,0.0,0.0
48.04864263534546,vm0-cg,file_thp,0.0,0.0,0.0,0.0,0.0
48.04864263534546,vm1-cg,file,0.0,0.0,0.0,4457.7890625,93.09765625
48.04864263534546,vm1-cg,file_mapped,0.0,0.0,0.0,4265.125,93.07421875
48.04864263534546,vm1-cg,file_dirty,0.0,0.0,0.0,3605.28125,0.0
48.04864263534546,vm1-cg,file_writeback,0.0,0.0,0.0,24.0,0.0
48.04864263534546,vm1-cg,file_thp,0.0,0.0,0.0,0.0,0.0
48.04864263534546,vm0,file,22459.125,,,,
48.04864263534546,vm0,file_mapped,75.84765625,,,,
48.04864263534546,vm0,file_dirty,2.3359375,,,,
48.04864263534546,vm0,file_writeback,0.0,,,,
48.04864263534546,vm0,file_thp,0.0,,,,
48.04864263534546,vm1,file,21670.08203125,,,,
48.04864263534546,vm1,file_mapped,87.4609375,,,,
48.04864263534546,vm1,file_dirty,2.0859375,,,,
48.04864263534546,vm1,file_writeback,0.0,,,,
48.04864263534546,vm1,file_thp,0.0,,,,
49.82587909698486,host,file,62132.6015625,171.1953125,4745.94140625,4540.5,13411.65625
49.82587909698486,host,file_mapped,39686.8984375,72.59765625,4550.328125,4347.640625,13410.88671875
49.82587909698486,host,file_dirty,37353.19921875,0.00390625,2611.90625,3635.93359375,0.0
49.82587909698486,host,file_writeback,53.14453125,0.0,0.0,24.0,0.0
49.82587909698486,host,file_thp,0.0,0.0,0.0,0.0,0.0
49.82587909698486,virtiofsd,file,61986.51171875,0.0,0.0,0.0,0.0
49.82587909698486,virtiofsd,file_mapped,39584.1328125,0.0,0.0,0.0,0.0
49.82587909698486,virtiofsd,file_dirty,37353.1875,0.0,0.0,0.0,0.0
49.82587909698486,virtiofsd,file_writeback,53.14453125,0.0,0.0,0.0,0.0
49.82587909698486,virtiofsd,file_thp,0.0,0.0,0.0,0.0,0.0
49.82587909698486,vm0-cg,file,0.0,0.0,4684.015625,0.0,13318.55859375
49.82587909698486,vm0-cg,file_mapped,0.0,0.0,4489.94140625,0.0,13317.8125
49.82587909698486,vm0-cg,file_dirty,0.0,0.0,2611.90625,0.0,0.0
49.82587909698486,vm0-cg,file_writeback,0.0,0.0,0.0,0.0,0.0
49.82587909698486,vm0-cg,file_thp,0.0,0.0,0.0,0.0,0.0
49.82587909698486,vm1-cg,file,0.0,0.0,0.0,4535.55859375,93.09765625
49.82587909698486,vm1-cg,file_mapped,0.0,0.0,0.0,4343.75390625,93.07421875
49.82587909698486,vm1-cg,file_dirty,0.0,0.0,0.0,3635.93359375,0.0
49.82587909698486,vm1-cg,file_writeback,0.0,0.0,0.0,24.0,0.0
49.82587909698486,vm1-cg,file_thp,0.0,0.0,0.0,0.0,0.0
49.82587909698486,vm0,file,22616.19921875,,,,
49.82587909698486,vm0,file_mapped,75.875,,,,
49.82587909698486,vm0,file_dirty,2.4453125,,,,
49.82587909698486,vm0,file_writeback,0.0,,,,
49.82587909698486,vm0,file_thp,0.0,,,,
49.82587909698486,vm1,file,21916.86328125,,,,
49.82587909698486,vm1,file_mapped,87.4765625,,,,
49.82587909698486,vm1,file_dirty,2.19140625,,,,
49.82587909698486,vm1,file_writeback,0.0,,,,
49.82587909698486,vm1,file_thp,0.0,,,,
51.134196043014526,host,file,63002.9765625,171.1953125,4784.67578125,4596.36328125,13661.1640625
51.134196043014526,host,file_mapped,40257.73828125,72.59765625,4589.55859375,4404.69921875,13660.39453125
51.134196043014526,host,file_dirty,37663.69921875,0.00390625,2651.7578125,3563.40625,0.0
51.134196043014526,host,file_writeback,57.515625,0.0,0.0,9.67578125,0.0
51.134196043014526,host,file_thp,0.0,0.0,0.0,0.0,0.0
51.134196043014526,virtiofsd,file,62856.88671875,0.0,0.0,0.0,0.0
51.134196043014526,virtiofsd,file_mapped,40154.96875,0.0,0.0,0.0,0.0
51.134196043014526,virtiofsd,file_dirty,37663.6875,0.0,0.0,0.0,0.0
51.134196043014526,virtiofsd,file_writeback,57.515625,0.0,0.0,0.0,0.0
51.134196043014526,virtiofsd,file_thp,0.0,0.0,0.0,0.0,0.0
51.134196043014526,vm0-cg,file,0.0,0.0,4722.75,0.0,13568.06640625
51.134196043014526,vm0-cg,file_mapped,0.0,0.0,4529.171875,0.0,13567.3203125
51.134196043014526,vm0-cg,file_dirty,0.0,0.0,2651.7578125,0.0,0.0
51.134196043014526,vm0-cg,file_writeback,0.0,0.0,0.0,0.0,0.0
51.134196043014526,vm0-cg,file_thp,0.0,0.0,0.0,0.0,0.0
51.134196043014526,vm1-cg,file,0.0,0.0,0.0,4591.421875,93.09765625
51.134196043014526,vm1-cg,file_mapped,0.0,0.0,0.0,4400.8125,93.07421875
51.134196043014526,vm1-cg,file_dirty,0.0,0.0,0.0,3563.40625,0.0
51.134196043014526,vm1-cg,file_writeback,0.0,0.0,0.0,9.67578125,0.0
51.134196043014526,vm1-cg,file_thp,0.0,0.0,0.0,0.0,0.0
51.134196043014526,vm0,file,23119.69921875,,,,
51.134196043014526,vm0,file_mapped,75.8828125,,,,
51.134196043014526,vm0,file_dirty,0.37109375,,,,
51.134196043014526,vm0,file_writeback,0.0,,,,
51.134196043014526,vm0,file_thp,0.0,,,,
51.134196043014526,vm1,file,22402.87109375,,,,
51.134196043014526,vm1,file_mapped,87.546875,,,,
51.134196043014526,vm1,file_dirty,2.296875,,,,
51.134196043014526,vm1,file_writeback,0.0,,,,
51.134196043014526,vm1,file_thp,0.0,,,,
53.02519965171814,host,file,64302.69140625,171.1953125,4920.42578125,4626.63671875,14048.29296875
53.02519965171814,host,file_mapped,41088.82421875,72.59765625,4723.95703125,4437.05078125,14047.5234375
53.02519965171814,host,file_dirty,38246.484375,0.00390625,2739.671875,3581.52734375,0.0
53.02519965171814,host,file_writeback,7.37890625,0.0,24.703125,0.0,0.0
53.02519965171814,host,file_thp,0.0,0.0,0.0,0.0,0.0
53.02519965171814,virtiofsd,file,64159.9765625,0.0,0.0,0.0,0.0
53.02519965171814,virtiofsd,file_mapped,40987.96484375,0.0,0.0,0.0,0.0
53.02519965171814,virtiofsd,file_dirty,38247.7578125,0.0,0.0,0.0,0.0
53.02519965171814,virtiofsd,file_writeback,7.96875,0.0,0.0,0.0,0.0
53.02519965171814,virtiofsd,file_thp,0.0,0.0,0.0,0.0,0.0
53.02519965171814,vm0-cg,file,0.0,0.0,4858.5,0.0,13955.1953125
53.02519965171814,vm0-cg,file_mapped,0.0,0.0,4663.5703125,0.0,13954.44921875
53.02519965171814,vm0-cg,file_dirty,0.0,0.0,2739.671875,0.0,0.0
53.02519965171814,vm0-cg,file_writeback,0.0,0.0,24.703125,0.0,0.0
53.02519965171814,vm0-cg,file_thp,0.0,0.0,0.0,0.0,0.0
53.02519965171814,vm1-cg,file,0.0,0.0,0.0,4621.6953125,93.09765625
53.02519965171814,vm1-cg,file_mapped,0.0,0.0,0.0,4433.1640625,93.07421875
53.02519965171814,vm1-cg,file_dirty,0.0,0.0,0.0,3581.52734375,0.0
53.02519965171814,vm1-cg,file_writeback,0.0,0.0,0.0,0.0,0.0
53.02519965171814,vm1-cg,file_thp,0.0,0.0,0.0,0.0,0.0
53.02519965171814,vm0,file,23379.69921875,,,,
53.02519965171814,vm0,file_mapped,76.0,,,,
53.02519965171814,vm0,file_dirty,0.51171875,,,,
53.02519965171814,vm0,file_writeback,0.0,,,,
53.02519965171814,vm0,file_thp,0.0,,,,
53.02519965171814,vm1,file,22866.734375,,,,
53.02519965171814,vm1,file_mapped,87.7890625,,,,
53.02519965171814,vm1,file_dirty,2.390625,,,,
53.02519965171814,vm1,file_writeback,0.0,,,,
53.02519965171814,vm1,file_thp,0.0,,,,
54.740398645401,host,file,65155.08984375,171.1953125,4971.12109375,4737.53515625,14299.7734375
54.740398645401,host,file_mapped,41630.10546875,72.59765625,4770.28515625,4546.93359375,14299.00390625
54.740398645401,host,file_dirty,38644.02734375,0.00390625,2773.04296875,3691.43359375,0.0
54.740398645401,host,file_writeback,53.7734375,0.0,0.0,0.0,0.0
54.740398645401,host,file_thp,0.0,0.0,0.0,0.0,0.0
54.740398645401,virtiofsd,file,65008.9921875,0.0,0.0,0.0,0.0
54.740398645401,virtiofsd,file_mapped,41527.3359375,0.0,0.0,0.0,0.0
54.740398645401,virtiofsd,file_dirty,38644.015625,0.0,0.0,0.0,0.0
54.740398645401,virtiofsd,file_writeback,53.7734375,0.0,0.0,0.0,0.0
54.740398645401,virtiofsd,file_thp,0.0,0.0,0.0,0.0,0.0
54.740398645401,vm0-cg,file,0.0,0.0,4909.1953125,0.0,14206.67578125
54.740398645401,vm0-cg,file_mapped,0.0,0.0,4709.8984375,0.0,14205.9296875
54.740398645401,vm0-cg,file_dirty,0.0,0.0,2773.04296875,0.0,0.0
54.740398645401,vm0-cg,file_writeback,0.0,0.0,0.0,0.0,0.0
54.740398645401,vm0-cg,file_thp,0.0,0.0,0.0,0.0,0.0
54.740398645401,vm1-cg,file,0.0,0.0,0.0,4732.59375,93.09765625
54.740398645401,vm1-cg,file_mapped,0.0,0.0,0.0,4543.046875,93.07421875
54.740398645401,vm1-cg,file_dirty,0.0,0.0,0.0,3691.43359375,0.0
54.740398645401,vm1-cg,file_writeback,0.0,0.0,0.0,0.0,0.0
54.740398645401,vm1-cg,file_thp,0.0,0.0,0.0,0.0,0.0
54.740398645401,vm0,file,23685.37109375,,,,
54.740398645401,vm0,file_mapped,76.19921875,,,,
54.740398645401,vm0,file_dirty,0.62109375,,,,
54.740398645401,vm0,file_writeback,0.0,,,,
54.740398645401,vm0,file_thp,0.0,,,,
54.740398645401,vm1,file,23119.84375,,,,
54.740398645401,vm1,file_mapped,87.95703125,,,,
54.740398645401,vm1,file_dirty,2.5,,,,
54.740398645401,vm1,file_writeback,0.0,,,,
54.740398645401,vm1,file_thp,0.0,,,,
56.33064866065979,host,file,65747.078125,171.1953125,5021.125,4792.7421875,14485.91015625
56.33064866065979,host,file_mapped,41997.1640625,72.59765625,4822.40234375,4599.94140625,14485.14453125
56.33064866065979,host,file_dirty,38910.2734375,0.0078125,2821.37890625,3744.55859375,0.0
56.33064866065979,host,file_writeback,31.3046875,0.0,0.0,0.0,0.0
56.33064866065979,host,file_thp,0.0,0.0,0.0,0.0,0.0
56.33064866065979,virtiofsd,file,65600.97265625,0.0,0.0,0.0,0.0
56.33064866065979,virtiofsd,file_mapped,41894.39453125,0.0,0.0,0.0,0.0
56.33064866065979,virtiofsd,file_dirty,38910.26171875,0.0,0.0,0.0,0.0
56.33064866065979,virtiofsd,file_writeback,31.3046875,0.0,0.0,0.0,0.0
56.33064866065979,virtiofsd,file_thp,0.0,0.0,0.0,0.0,0.0
56.33064866065979,vm0-cg,file,0.0,0.0,4959.19921875,0.0,14392.8125
56.33064866065979,vm0-cg,file_mapped,0.0,0.0,4762.015625,0.0,14392.0703125
56.33064866065979,vm0-cg,file_dirty,0.0,0.0,2821.37890625,0.0,0.0
56.33064866065979,vm0-cg,file_writeback,0.0,0.0,0.0,0.0,0.0
56.33064866065979,vm0-cg,file_thp,0.0,0.0,0.0,0.0,0.0
56.33064866065979,vm1-cg,file,0.0,0.0,0.0,4787.80078125,93.09765625
56.33064866065979,vm1-cg,file_mapped,0.0,0.0,0.0,4596.0546875,93.07421875
56.33064866065979,vm1-cg,file_dirty,0.0,0.0,0.0,3744.55859375,0.0
56.33064866065979,vm1-cg,file_writeback,0.0,0.0,0.0,0.0,0.0
56.33064866065979,vm1-cg,file_thp,0.0,0.0,0.0,0.0,0.0
56.33064866065979,vm0,file,23922.03125,,,,
56.33064866065979,vm0,file_mapped,76.21484375,,,,
56.33064866065979,vm0,file_dirty,0.73828125,,,,
56.33064866065979,vm0,file_writeback,0.0,,,,
56.33064866065979,vm0,file_thp,0.0,,,,
56.33064866065979,vm1,file,23353.8515625,,,,
56.33064866065979,vm1,file_mapped,88.0234375,,,,
56.33064866065979,vm1,file_dirty,2.58984375,,,,
56.33064866065979,vm1,file_writeback,0.0,,,,
56.33064866065979,vm1,file_thp,0.0,,,,
58.43258023262024,host,file,66348.32421875,171.1953125,5078.7265625,4851.65234375,14680.9609375
58.43258023262024,host,file_mapped,42362.109375,72.59765625,4880.87109375,4657.3515625,14680.1953125
58.43258023262024,host,file_dirty,39188.8828125,0.0078125,2878.19140625,3748.71875,0.0
58.43258023262024,host,file_writeback,53.765625,0.0,0.0,14.328125,0.0
58.43258023262024,host,file_thp,0.0,0.0,0.0,0.0,0.0
58.43258023262024,virtiofsd,file,66202.21875,0.0,0.0,0.0,0.0
58.43258023262024,virtiofsd,file_mapped,42259.33984375,0.0,0.0,0.0,0.0
58.43258023262024,virtiofsd,file_dirty,39188.87109375,0.0,0.0,0.0,0.0
58.43258023262024,virtiofsd,file_writeback,53.765625,0.0,0.0,0.0,0.0
58.43258023262024,virtiofsd,file_thp,0.0,0.0,0.0,0.0,0.0
58.43258023262024,vm0-cg,file,0.0,0.0,5016.80078125,0.0,14587.86328125
58.43258023262024,vm0-cg,file_mapped,0.0,0.0,4820.484375,0.0,14587.12109375
58.43258023262024,vm0-cg,file_dirty,0.0,0.0,2878.19140625,0.0,0.0
58.43258023262024,vm0-cg,file_writeback,0.0,0.0,0.0,0.0,0.0
58.43258023262024,vm0-cg,file_thp,0.0,0.0,0.0,0.0,0.0
58.43258023262024,vm1-cg,file,0.0,0.0,0.0,4846.7109375,93.09765625
58.43258023262024,vm1-cg,file_mapped,0.0,0.0,0.0,4653.46484375,93.07421875
58.43258023262024,vm1-cg,file_dirty,0.0,0.0,0.0,3748.71875,0.0
58.43258023262024,vm1-cg,file_writeback,0.0,0.0,0.0,14.328125,0.0
58.43258023262024,vm1-cg,file_thp,0.0,0.0,0.0,0.0,0.0
58.43258023262024,vm0,file,24208.92578125,,,,
58.43258023262024,vm0,file_mapped,76.3359375,,,,
58.43258023262024,vm0,file_dirty,0.83984375,,,,
58.43258023262024,vm0,file_writeback,0.0,,,,
58.43258023262024,vm0,file_thp,0.0,,,,
58.43258023262024,vm1,file,23743.11328125,,,,
58.43258023262024,vm1,file_mapped,88.04296875,,,,
58.43258023262024,vm1,file_dirty,0.36328125,,,,
58.43258023262024,vm1,file_writeback,0.0,,,,
58.43258023262024,vm1,file_thp,0.0,,,,
60.88540506362915,host,file,67306.2734375,171.1953125,5148.23046875,4970.49609375,14971.0625
60.88540506362915,host,file_mapped,42970.51171875,72.59765625,4950.2734375,4777.51171875,14970.2890625
60.88540506362915,host,file_dirty,39664.80859375,0.0078125,2944.9453125,3739.44921875,0.0
60.88540506362915,host,file_writeback,53.67578125,0.0,0.0,24.0,0.0
60.88540506362915,host,file_thp,0.0,0.0,0.0,0.0,0.0
60.88540506362915,virtiofsd,file,67160.16015625,0.0,0.0,0.0,0.0
60.88540506362915,virtiofsd,file_mapped,42867.7421875,0.0,0.0,0.0,0.0
60.88540506362915,virtiofsd,file_dirty,39664.796875,0.0,0.0,0.0,0.0
60.88540506362915,virtiofsd,file_writeback,53.67578125,0.0,0.0,0.0,0.0
60.88540506362915,virtiofsd,file_thp,0.0,0.0,0.0,0.0,0.0
60.88540506362915,vm0-cg,file,0.0,0.0,5086.3046875,0.0,14877.96484375
60.88540506362915,vm0-cg,file_mapped,0.0,0.0,4889.88671875,0.0,14877.21484375
60.88540506362915,vm0-cg,file_dirty,0.0,0.0,2944.9453125,0.0,0.0
60.88540506362915,vm0-cg,file_writeback,0.0,0.0,0.0,0.0,0.0
60.88540506362915,vm0-cg,file_thp,0.0,0.0,0.0,0.0,0.0
60.88540506362915,vm1-cg,file,0.0,0.0,0.0,4965.5546875,93.09765625
60.88540506362915,vm1-cg,file_mapped,0.0,0.0,0.0,4773.625,93.07421875
60.88540506362915,vm1-cg,file_dirty,0.0,0.0,0.0,3739.44921875,0.0
60.88540506362915,vm1-cg,file_writeback,0.0,0.0,0.0,24.0,0.0
60.88540506362915,vm1-cg,file_thp,0.0,0.0,0.0,0.0,0.0
60.88540506362915,vm0,file,24468.43359375,,,,
60.88540506362915,vm0,file_mapped,76.35546875,,,,
60.88540506362915,vm0,file_dirty,0.94140625,,,,
60.88540506362915,vm0,file_writeback,0.0,,,,
60.88540506362915,vm0,file_thp,0.0,,,,
60.88540506362915,vm1,file,23976.99609375,,,,
60.88540506362915,vm1,file_mapped,88.23046875,,,,
60.88540506362915,vm1,file_dirty,0.66015625,,,,
60.88540506362915,vm1,file_writeback,0.0,,,,
60.88540506362915,vm1,file_thp,0.0,,,,
62.62048697471619,host,file,67915.7265625,171.1953125,5181.73046875,5041.69921875,15178.98046875
62.62048697471619,host,file_mapped,43332.71484375,72.59765625,4983.6875,4849.2421875,15178.2109375
62.62048697471619,host,file_dirty,39913.109375,0.0078125,2976.3984375,3715.2265625,0.0
62.62048697471619,host,file_writeback,39.36328125,0.0,0.0,24.0,0.0
62.62048697471619,host,file_thp,0.0,0.0,0.0,0.0,0.0
62.62048697471619,virtiofsd,file,67769.61328125,0.0,0.0,0.0,0.0
62.62048697471619,virtiofsd,file_mapped,43229.94921875,0.0,0.0,0.0,0.0
62.62048697471619,virtiofsd,file_dirty,39913.1015625,0.0,0.0,0.0,0.0
62.62048697471619,virtiofsd,file_writeback,39.36328125,0.0,0.0,0.0,0.0
62.62048697471619,virtiofsd,file_thp,0.0,0.0,0.0,0.0,0.0
62.62048697471619,vm0-cg,file,0.0,0.0,5119.8046875,0.0,15085.8828125
62.62048697471619,vm0-cg,file_mapped,0.0,0.0,4923.30078125,0.0,15085.13671875
62.62048697471619,vm0-cg,file_dirty,0.0,0.0,2976.3984375,0.0,0.0
62.62048697471619,vm0-cg,file_writeback,0.0,0.0,0.0,0.0,0.0
62.62048697471619,vm0-cg,file_thp,0.0,0.0,0.0,0.0,0.0
62.62048697471619,vm1-cg,file,0.0,0.0,0.0,5036.7578125,93.09765625
62.62048697471619,vm1-cg,file_mapped,0.0,0.0,0.0,4845.35546875,93.07421875
62.62048697471619,vm1-cg,file_dirty,0.0,0.0,0.0,3715.2265625,0.0
62.62048697471619,vm1-cg,file_writeback,0.0,0.0,0.0,24.0,0.0
62.62048697471619,vm1-cg,file_thp,0.0,0.0,0.0,0.0,0.0
62.62048697471619,vm0,file,24681.04296875,,,,
62.62048697471619,vm0,file_mapped,76.58203125,,,,
62.62048697471619,vm0,file_dirty,1.06640625,,,,
62.62048697471619,vm0,file_writeback,0.0,,,,
62.62048697471619,vm0,file_thp,0.0,,,,
62.62048697471619,vm1,file,24078.6484375,,,,
62.62048697471619,vm1,file_mapped,88.37109375,,,,
62.62048697471619,vm1,file_dirty,0.7578125,,,,
62.62048697471619,vm1,file_writeback,0.0,,,,
62.62048697471619,vm1,file_thp,0.0,,,,
63.73694062232971,host,file,67951.66015625,171.19921875,5192.08984375,5045.01171875,15185.91015625
63.73694062232971,host,file_mapped,43354.25390625,72.59765625,4990.4765625,4849.50390625,15185.14453125
63.73694062232971,host,file_dirty,39742.87890625,0.01171875,2973.5546875,3691.66796875,0.0
63.73694062232971,host,file_writeback,52.0,0.0,0.0,0.0,0.0
63.73694062232971,host,file_thp,0.0,0.0,0.0,0.0,0.0
63.73694062232971,virtiofsd,file,67806.0703125,0.0,0.0,0.0,0.0
63.73694062232971,virtiofsd,file_mapped,43253.578125,0.0,0.0,0.0,0.0
63.73694062232971,virtiofsd,file_dirty,39742.87109375,0.0,0.0,0.0,0.0
63.73694062232971,virtiofsd,file_writeback,52.0,0.0,0.0,0.0,0.0
63.73694062232971,virtiofsd,file_thp,0.0,0.0,0.0,0.0,0.0
63.73694062232971,vm0-cg,file,0.0,0.0,5130.1640625,0.0,15092.8125
63.73694062232971,vm0-cg,file_mapped,0.0,0.0,4930.08984375,0.0,15092.0703125
63.73694062232971,vm0-cg,file_dirty,0.0,0.0,2973.5546875,0.0,0.0
63.73694062232971,vm0-cg,file_writeback,0.0,0.0,0.0,0.0,0.0
63.73694062232971,vm0-cg,file_thp,0.0,0.0,0.0,0.0,0.0
63.73694062232971,vm1-cg,file,0.0,0.0,0.0,5040.0703125,93.09765625
63.73694062232971,vm1-cg,file_mapped,0.0,0.0,0.0,4845.6171875,93.07421875
63.73694062232971,vm1-cg,file_dirty,0.0,0.0,0.0,3691.66796875,0.0
63.73694062232971,vm1-cg,file_writeback,0.0,0.0,0.0,0.0,0.0
63.73694062232971,vm1-cg,file_thp,0.0,0.0,0.0,0.0,0.0
63.73694062232971,vm0,file,24676.71875,,,,
63.73694062232971,vm0,file_mapped,71.92578125,,,,
63.73694062232971,vm0,file_dirty,1.17578125,,,,
63.73694062232971,vm0,file_writeback,0.0,,,,
63.73694062232971,vm0,file_thp,0.0,,,,
63.73694062232971,vm1,file,24074.5234375,,,,
63.73694062232971,vm1,file_mapped,83.73046875,,,,
63.73694062232971,vm1,file_dirty,0.859375,,,,
63.73694062232971,vm1,file_writeback,0.0,,,,
63.73694062232971,vm1,file_thp,0.0,,,,
64.73707842826843,host,file,67951.66015625,171.19921875,5203.828125,5049.48046875,15185.91015625
64.73707842826843,host,file_mapped,43355.0390625,72.59765625,4993.25,4852.140625,15185.14453125
64.73707842826843,host,file_dirty,39494.078125,0.01171875,2979.703125,3696.86328125,0.0
64.73707842826843,host,file_writeback,12.640625,0.0,0.0,0.0,0.0
64.73707842826843,host,file_thp,0.0,0.0,0.0,0.0,0.0
64.73707842826843,virtiofsd,file,67806.0703125,0.0,0.0,0.0,0.0
64.73707842826843,virtiofsd,file_mapped,43254.36328125,0.0,0.0,0.0,0.0
64.73707842826843,virtiofsd,file_dirty,39494.0703125,0.0,0.0,0.0,0.0
64.73707842826843,virtiofsd,file_writeback,12.640625,0.0,0.0,0.0,0.0
64.73707842826843,virtiofsd,file_thp,0.0,0.0,0.0,0.0,0.0
64.73707842826843,vm0-cg,file,0.0,0.0,5141.90234375,0.0,15092.8125
64.73707842826843,vm0-cg,file_mapped,0.0,0.0,4932.86328125,0.0,15092.0703125
64.73707842826843,vm0-cg,file_dirty,0.0,0.0,2979.703125,0.0,0.0
64.73707842826843,vm0-cg,file_writeback,0.0,0.0,0.0,0.0,0.0
64.73707842826843,vm0-cg,file_thp,0.0,0.0,0.0,0.0,0.0
64.73707842826843,vm1-cg,file,0.0,0.0,0.0,5044.5390625,93.09765625
64.73707842826843,vm1-cg,file_mapped,0.0,0.0,0.0,4848.25390625,93.07421875
64.73707842826843,vm1-cg,file_dirty,0.0,0.0,0.0,3696.86328125,0.0
64.73707842826843,vm1-cg,file_writeback,0.0,0.0,0.0,0.0,0.0
64.73707842826843,vm1-cg,file_thp,0.0,0.0,0.0,0.0,0.0
65.24779629707336,host,file,67951.66015625,171.203125,5205.53515625,5059.46875,15185.91015625
65.24779629707336,host,file_mapped,43355.265625,72.59765625,4993.5078125,4853.1953125,15185.14453125
65.24779629707336,host,file_dirty,39414.328125,0.015625,2981.5390625,3698.078125,0.0
65.24779629707336,host,file_writeback,16.00390625,0.0,0.0,0.0,0.0
65.24779629707336,host,file_thp,0.0,0.0,0.0,0.0,0.0
65.24779629707336,virtiofsd,file,67806.0703125,0.0,0.0,0.0,0.0
65.24779629707336,virtiofsd,file_mapped,43254.58984375,0.0,0.0,0.0,0.0
65.24779629707336,virtiofsd,file_dirty,39414.3203125,0.0,0.0,0.0,0.0
65.24779629707336,virtiofsd,file_writeback,16.00390625,0.0,0.0,0.0,0.0
65.24779629707336,virtiofsd,file_thp,0.0,0.0,0.0,0.0,0.0
65.24779629707336,vm0-cg,file,0.0,0.0,5143.609375,0.0,15092.8125
65.24779629707336,vm0-cg,file_mapped,0.0,0.0,4933.12109375,0.0,15092.0703125
65.24779629707336,vm0-cg,file_dirty,0.0,0.0,2981.5390625,0.0,0.0
65.24779629707336,vm0-cg,file_writeback,0.0,0.0,0.0,0.0,0.0
65.24779629707336,vm0-cg,file_thp,0.0,0.0,0.0,0.0,0.0
65.24779629707336,vm1-cg,file,0.0,0.0,0.0,5054.52734375,93.09765625
65.24779629707336,vm1-cg,file_mapped,0.0,0.0,0.0,4849.30859375,93.07421875
65.24779629707336,vm1-cg,file_dirty,0.0,0.0,0.0,3698.078125,0.0
65.24779629707336,vm1-cg,file_writeback,0.0,0.0,0.0,0.0,0.0
65.24779629707336,vm1-cg,file_thp,0.0,0.0,0.0,0.0,0.0
65.7584478855133,host,file,67951.66796875,171.203125,5206.80078125,5061.05859375,15185.91015625
65.7584478855133,host,file_mapped,43355.265625,72.59765625,4993.51171875,4853.20703125,15185.14453125
65.7584478855133,host,file_dirty,39190.515625,0.015625,2989.7265625,3698.45703125,0.0
65.7584478855133,host,file_writeback,36.640625,0.0,0.0,0.0,0.0
65.7584478855133,host,file_thp,0.0,0.0,0.0,0.0,0.0
65.7584478855133,virtiofsd,file,67806.0703125,0.0,0.0,0.0,0.0
65.7584478855133,virtiofsd,file_mapped,43254.58984375,0.0,0.0,0.0,0.0
65.7584478855133,virtiofsd,file_dirty,39190.5078125,0.0,0.0,0.0,0.0
65.7584478855133,virtiofsd,file_writeback,36.640625,0.0,0.0,0.0,0.0
65.7584478855133,virtiofsd,file_thp,0.0,0.0,0.0,0.0,0.0
65.7584478855133,vm0-cg,file,0.0,0.0,5144.875,0.0,15092.8125
65.7584478855133,vm0-cg,file_mapped,0.0,0.0,4933.125,0.0,15092.0703125
65.7584478855133,vm0-cg,file_dirty,0.0,0.0,2989.7265625,0.0,0.0
65.7584478855133,vm0-cg,file_writeback,0.0,0.0,0.0,0.0,0.0
65.7584478855133,vm0-cg,file_thp,0.0,0.0,0.0,0.0,0.0
65.7584478855133,vm1-cg,file,0.0,0.0,0.0,5056.1171875,93.09765625
65.7584478855133,vm1-cg,file_mapped,0.0,0.0,0.0,4849.3203125,93.07421875
65.7584478855133,vm1-cg,file_dirty,0.0,0.0,0.0,3698.45703125,0.0
65.7584478855133,vm1-cg,file_writeback,0.0,0.0,0.0,0.0,0.0
65.7584478855133,vm1-cg,file_thp,0.0,0.0,0.0,0.0,0.0
66.26923155784607,host,file,67951.66796875,171.203125,5206.80078125,5061.05859375,15185.91015625
66.26923155784607,host,file_mapped,43355.265625,72.59765625,4993.51171875,4853.20703125,15185.14453125
66.26923155784607,host,file_dirty,38991.84375,0.015625,2982.57421875,3698.75,0.0
66.26923155784607,host,file_writeback,51.40625,0.0,10.8828125,0.0,0.0
66.26923155784607,host,file_thp,0.0,0.0,0.0,0.0,0.0
66.26923155784607,virtiofsd,file,67806.0703125,0.0,0.0,0.0,0.0
66.26923155784607,virtiofsd,file_mapped,43254.58984375,0.0,0.0,0.0,0.0
66.26923155784607,virtiofsd,file_dirty,38991.83203125,0.0,0.0,0.0,0.0
66.26923155784607,virtiofsd,file_writeback,51.40625,0.0,0.0,0.0,0.0
66.26923155784607,virtiofsd,file_thp,0.0,0.0,0.0,0.0,0.0
66.26923155784607,vm0-cg,file,0.0,0.0,5144.875,0.0,15092.8125
66.26923155784607,vm0-cg,file_mapped,0.0,0.0,4933.125,0.0,15092.0703125
66.26923155784607,vm0-cg,file_dirty,0.0,0.0,2982.57421875,0.0,0.0
66.26923155784607,vm0-cg,file_writeback,0.0,0.0,10.8828125,0.0,0.0
66.26923155784607,vm0-cg,file_thp,0.0,0.0,0.0,0.0,0.0
66.26923155784607,vm1-cg,file,0.0,0.0,0.0,5056.1171875,93.09765625
66.26923155784607,vm1-cg,file_mapped,0.0,0.0,0.0,4849.3203125,93.07421875
66.26923155784607,vm1-cg,file_dirty,0.0,0.0,0.0,3698.75,0.0
66.26923155784607,vm1-cg,file_writeback,0.0,0.0,0.0,0.0,0.0
66.26923155784607,vm1-cg,file_thp,0.0,0.0,0.0,0.0,0.0
66.7801148891449,host,file,67951.66796875,171.203125,5206.80078125,5061.05859375,15185.91015625
66.7801148891449,host,file_mapped,43355.265625,72.59765625,4993.51171875,4853.2109375,15185.14453125
66.7801148891449,host,file_dirty,38928.17578125,0.015625,2986.41015625,3699.09375,0.0
66.7801148891449,host,file_writeback,62.04296875,0.0,1.95703125,0.0,0.0
66.7801148891449,host,file_thp,0.0,0.0,0.0,0.0,0.0
66.7801148891449,virtiofsd,file,67806.0703125,0.0,0.0,0.0,0.0
66.7801148891449,virtiofsd,file_mapped,43254.58984375,0.0,0.0,0.0,0.0
66.7801148891449,virtiofsd,file_dirty,38928.1640625,0.0,0.0,0.0,0.0
66.7801148891449,virtiofsd,file_writeback,62.04296875,0.0,0.0,0.0,0.0
66.7801148891449,virtiofsd,file_thp,0.0,0.0,0.0,0.0,0.0
66.7801148891449,vm0-cg,file,0.0,0.0,5144.875,0.0,15092.8125
66.7801148891449,vm0-cg,file_mapped,0.0,0.0,4933.125,0.0,15092.0703125
66.7801148891449,vm0-cg,file_dirty,0.0,0.0,2986.41015625,0.0,0.0
66.7801148891449,vm0-cg,file_writeback,0.0,0.0,1.95703125,0.0,0.0
66.7801148891449,vm0-cg,file_thp,0.0,0.0,0.0,0.0,0.0
66.7801148891449,vm1-cg,file,0.0,0.0,0.0,5056.1171875,93.09765625
66.7801148891449,vm1-cg,file_mapped,0.0,0.0,0.0,4849.32421875,93.07421875
66.7801148891449,vm1-cg,file_dirty,0.0,0.0,0.0,3699.09375,0.0
66.7801148891449,vm1-cg,file_writeback,0.0,0.0,0.0,0.0,0.0
66.7801148891449,vm1-cg,file_thp,0.0,0.0,0.0,0.0,0.0
67.29084372520447,host,file,67951.66796875,171.203125,5206.80078125,5061.05859375,15185.91015625
67.29084372520447,host,file_mapped,43355.265625,72.59765625,4993.51171875,4853.2109375,15185.14453125
67.29084372520447,host,file_dirty,38844.984375,0.015625,2975.1953125,3699.4296875,0.0
67.29084372520447,host,file_writeback,83.625,0.0,17.015625,0.0,0.0
67.29084372520447,host,file_thp,0.0,0.0,0.0,0.0,0.0
67.29084372520447,virtiofsd,file,67806.0703125,0.0,0.0,0.0,0.0
67.29084372520447,virtiofsd,file_mapped,43254.58984375,0.0,0.0,0.0,0.0
67.29084372520447,virtiofsd,file_dirty,38844.97265625,0.0,0.0,0.0,0.0
67.29084372520447,virtiofsd,file_writeback,83.625,0.0,0.0,0.0,0.0
67.29084372520447,virtiofsd,file_thp,0.0,0.0,0.0,0.0,0.0
67.29084372520447,vm0-cg,file,0.0,0.0,5144.875,0.0,15092.8125
67.29084372520447,vm0-cg,file_mapped,0.0,0.0,4933.125,0.0,15092.0703125
67.29084372520447,vm0-cg,file_dirty,0.0,0.0,2975.1953125,0.0,0.0
67.29084372520447,vm0-cg,file_writeback,0.0,0.0,17.015625,0.0,0.0
67.29084372520447,vm0-cg,file_thp,0.0,0.0,0.0,0.0,0.0
67.29084372520447,vm1-cg,file,0.0,0.0,0.0,5056.1171875,93.09765625
67.29084372520447,vm1-cg,file_mapped,0.0,0.0,0.0,4849.32421875,93.07421875
67.29084372520447,vm1-cg,file_dirty,0.0,0.0,0.0,3699.4296875,0.0
67.29084372520447,vm1-cg,file_writeback,0.0,0.0,0.0,0.0,0.0
67.29084372520447,vm1-cg,file_thp,0.0,0.0,0.0,0.0,0.0
67.8017373085022,host,file,67951.66796875,171.203125,5207.06640625,5061.23046875,15185.91015625
67.8017373085022,host,file_mapped,43355.328125,72.59765625,4993.51171875,4853.27734375,15185.14453125
67.8017373085022,host,file_dirty,38845.046875,0.015625,2980.20703125,3702.9765625,0.0
67.8017373085022,host,file_writeback,36.640625,0.0,0.0078125,0.0078125,0.0
67.8017373085022,host,file_thp,0.0,0.0,0.0,0.0,0.0
67.8017373085022,virtiofsd,file,67806.0703125,0.0,0.0,0.0,0.0
67.8017373085022,virtiofsd,file_mapped,43254.65234375,0.0,0.0,0.0,0.0
67.8017373085022,virtiofsd,file_dirty,38845.03515625,0.0,0.0,0.0,0.0
67.8017373085022,virtiofsd,file_writeback,36.640625,0.0,0.0,0.0,0.0
67.8017373085022,virtiofsd,file_thp,0.0,0.0,0.0,0.0,0.0
67.8017373085022,vm0-cg,file,0.0,0.0,5145.140625,0.0,15092.8125
67.8017373085022,vm0-cg,file_mapped,0.0,0.0,4933.125,0.0,15092.0703125
67.8017373085022,vm0-cg,file_dirty,0.0,0.0,2980.20703125,0.0,0.0
67.8017373085022,vm0-cg,file_writeback,0.0,0.0,0.0078125,0.0,0.0
67.8017373085022,vm0-cg,file_thp,0.0,0.0,0.0,0.0,0.0
67.8017373085022,vm1-cg,file,0.0,0.0,0.0,5056.2890625,93.09765625
67.8017373085022,vm1-cg,file_mapped,0.0,0.0,0.0,4849.390625,93.07421875
67.8017373085022,vm1-cg,file_dirty,0.0,0.0,0.0,3702.9765625,0.0
67.8017373085022,vm1-cg,file_writeback,0.0,0.0,0.0,0.0078125,0.0
67.8017373085022,vm1-cg,file_thp,0.0,0.0,0.0,0.0,0.0
68.31268668174744,host,file,67951.671875,171.203125,5207.06640625,5061.23046875,15185.91015625
68.31268668174744,host,file_mapped,43355.328125,72.59765625,4993.515625,4853.27734375,15185.14453125
68.31268668174744,host,file_dirty,38761.18359375,0.015625,2977.10546875,3699.69140625,0.0
68.31268668174744,host,file_writeback,83.8671875,0.0,0.0,0.0,0.0
68.31268668174744,host,file_thp,0.0,0.0,0.0,0.0,0.0
68.31268668174744,virtiofsd,file,67806.0703125,0.0,0.0,0.0,0.0
68.31268668174744,virtiofsd,file_mapped,43254.65234375,0.0,0.0,0.0,0.0
68.31268668174744,virtiofsd,file_dirty,38761.171875,0.0,0.0,0.0,0.0
68.31268668174744,virtiofsd,file_writeback,83.8671875,0.0,0.0,0.0,0.0
68.31268668174744,virtiofsd,file_thp,0.0,0.0,0.0,0.0,0.0
68.31268668174744,vm0-cg,file,0.0,0.0,5145.140625,0.0,15092.8125
68.31268668174744,vm0-cg,file_mapped,0.0,0.0,4933.12890625,0.0,15092.0703125
68.31268668174744,vm0-cg,file_dirty,0.0,0.0,2977.10546875,0.0,0.0
68.31268668174744,vm0-cg,file_writeback,0.0,0.0,0.0,0.0,0.0
68.31268668174744,vm0-cg,file_thp,0.0,0.0,0.0,0.0,0.0
68.31268668174744,vm1-cg,file,0.0,0.0,0.0,5056.2890625,93.09765625
68.31268668174744,vm1-cg,file_mapped,0.0,0.0,0.0,4849.390625,93.07421875
68.31268668174744,vm1-cg,file_dirty,0.0,0.0,0.0,3699.69140625,0.0
68.31268668174744,vm1-cg,file_writeback,0.0,0.0,0.0,0.0,0.0
68.31268668174744,vm1-cg,file_thp,0.0,0.0,0.0,0.0,0.0
69.15111708641052,host,file,67951.67578125,171.20703125,5216.0625,5070.484375,15185.91015625
69.15111708641052,host,file_mapped,43355.54296875,72.59765625,4993.6015625,4853.61328125,15185.14453125
69.15111708641052,host,file_dirty,38717.32421875,0.015625,2986.28515625,3604.15625,0.0
69.15111708641052,host,file_writeback,36.640625,0.0,0.0,0.65234375,0.0
69.15111708641052,host,file_thp,0.0,0.0,0.0,0.0,0.0
69.15111708641052,virtiofsd,file,67806.0703125,0.0,0.0,0.0,0.0
69.15111708641052,virtiofsd,file_mapped,43254.8671875,0.0,0.0,0.0,0.0
69.15111708641052,virtiofsd,file_dirty,38717.3125,0.0,0.0,0.0,0.0
69.15111708641052,virtiofsd,file_writeback,36.640625,0.0,0.0,0.0,0.0
69.15111708641052,virtiofsd,file_thp,0.0,0.0,0.0,0.0,0.0
69.15111708641052,vm0-cg,file,0.0,0.0,5154.13671875,0.0,15092.8125
69.15111708641052,vm0-cg,file_mapped,0.0,0.0,4933.21484375,0.0,15092.0703125
69.15111708641052,vm0-cg,file_dirty,0.0,0.0,2986.28515625,0.0,0.0
69.15111708641052,vm0-cg,file_writeback,0.0,0.0,0.0,0.0,0.0
69.15111708641052,vm0-cg,file_thp,0.0,0.0,0.0,0.0,0.0
69.15111708641052,vm1-cg,file,0.0,0.0,0.0,5065.54296875,93.09765625
69.15111708641052,vm1-cg,file_mapped,0.0,0.0,0.0,4849.72265625,93.07421875
69.15111708641052,vm1-cg,file_dirty,0.0,0.0,0.0,3604.15625,0.0
69.15111708641052,vm1-cg,file_writeback,0.0,0.0,0.0,0.65234375,0.0
69.15111708641052,vm1-cg,file_thp,0.0,0.0,0.0,0.0,0.0
